Date/Time:,3/13/2020 8:47,,,,,
Film name:,Poly on 1000A Oxide,,,,,
Stage group:,49 pts radial,,,,,
Lot ID:,kk_0312 sel_post,,,,,
Wafer ID:,# 25,,,,,
Cassette recipe name:,SemiAuto -,,,,,
Wafer recipe name:,POLY ON 1K OXIDE 49PT 3mmEE,,,,,
Stage recipe name:,49 pt 12 in 4x Notch 3mm ex,,,,,
Title:,Point#,SiO2 (Å),Poly (Å),MSE,X(mm),Y(mm)
,1,1000,4983.74,23.34,0,0
,2,1000,4994.98,23.9,0,49
,3,1000,4984.06,23.56,34.648,34.648
,4,1000,4982.28,23.27,49,0
,5,1000,4999.47,23.43,34.648,-34.648
,6,1000,5003.38,23.47,0,-49
,7,1000,4985.17,23.28,-34.648,-34.648
,8,1000,4979.21,23.12,-49,0
,9,1000,4998.48,24.37,-34.648,34.648
,10,1000,5033.5,24.73,0,98
,11,1000,5012.44,24.18,37.503,90.54
,12,1000,4984.98,23.51,69.296,69.297
,13,1000,4967.18,23.05,90.54,37.503
,14,1000,4970.37,22.77,98,0
,15,1000,4994.44,22.93,90.54,-37.503
,16,1000,5034.81,24.01,69.297,-69.296
,17,1000,5066.26,24.02,37.503,-90.54
,18,1000,5052.91,24.36,0,-98
,19,1000,5019.14,23.5,-37.503,-90.54
,20,1000,4983.42,22.99,-69.296,-69.297
,21,1000,4962.19,22.77,-90.54,-37.503
,22,1000,4968.49,23.47,-98,0
,23,1000,4995.15,24.39,-90.54,37.503
,24,1000,5023.56,25.17,-69.297,69.296
,25,1000,5038.52,25.19,-37.503,90.54
,26,1000,5038.55,23.28,0,147
,27,1000,5012.89,22.53,38.046,141.991
,28,1000,4976.22,21.84,73.5,127.306
,29,1000,4940.99,21.31,103.945,103.945
,30,1000,4913.97,20.8,127.306,73.5
,31,1000,4901.27,20.63,141.991,38.047
,32,1000,4908.95,20.6,147,0
,33,1000,4938.86,21.85,141.991,-38.046
,34,1000,4992.57,21.89,127.306,-73.5
,35,1000,5031.93,23.46,103.945,-103.944
,36,1000,5143.49,23.27,73.5,-127.306
,37,1000,5165.56,23.3,38.047,-141.991
,38,1000,5068.21,24.06,0,-147
,39,1000,5065.91,23,-38.046,-141.991
,40,1000,4983.56,23.21,-73.5,-127.306
,41,1000,4948.82,21.46,-103.944,-103.945
,42,1000,4910.02,20.58,-127.305,-73.5
,43,1000,4899.03,20.63,-141.991,-38.047
,44,1000,4913.15,21.28,-147,-0.001
,45,1000,4944.53,21.73,-141.991,38.046
,46,1000,4986.03,22.38,-127.306,73.499
,47,1000,5022.96,23.18,-103.945,103.944
,48,1000,5045.91,23.34,-73.501,127.305
,49,1000,5050.19,23.51,-38.047,141.991
,,,,,,
Max,,1000,5165.56,25.19,,
Min,,1000,4899.03,20.58,,
Range,,0,266.53,4.61,,
Mean,,1000,4996.36,22.9776,,
StdD,,0,55.53,1.1925,,
%StdD,,0,1.11,5.19,,
%NonU,,0,2.67,10.0315,,
CTE,,N/A,N/A,N/A,,
,,,,,,
Date/Time:,3/13/2020 8:44,,,,,
Film name:,Poly on 1000A Oxide,,,,,
Stage group:,49 pts radial,,,,,
Lot ID:,kk_0312 sel_post,,,,,
Wafer ID:,# 24,,,,,
Cassette recipe name:,SemiAuto -,,,,,
Wafer recipe name:,POLY ON 1K OXIDE 49PT 3mmEE,,,,,
Stage recipe name:,49 pt 12 in 4x Notch 3mm ex,,,,,
Title:,Point#,SiO2 (Å),Poly (Å),MSE,X(mm),Y(mm)
,1,1000,4927.83,31.1,0,0
,2,1000,4912.95,30.99,0,49
,3,1000,4944.89,30.8,34.648,34.648
,4,1000,4964.2,31.05,49,0
,5,1000,4949.44,31.24,34.648,-34.648
,6,1000,4936.52,31.64,0,-49
,7,1000,4939.53,32.19,-34.648,-34.648
,8,1000,4930.14,32.13,-49,0
,9,1000,4912.67,31.51,-34.648,34.648
,10,1000,4892.47,31,0,98
,11,1000,4928.68,30.63,37.503,90.54
,12,1000,4985.22,31.27,69.296,69.297
,13,1000,5033.32,31.81,90.54,37.503
,14,1000,5044.83,31.73,98,0
,15,1000,5007.32,31.78,90.54,-37.503
,16,1000,4970.18,31.96,69.297,-69.296
,17,1000,4946.2,32.35,37.503,-90.54
,18,1000,4946.88,33.11,0,-98
,19,1000,4962.07,34.27,-37.503,-90.54
,20,1000,4977.9,34.37,-69.296,-69.297
,21,1000,4985.05,34.86,-90.54,-37.503
,22,1000,4973.23,34.69,-98,0
,23,1000,4942.35,33.81,-90.54,37.503
,24,1000,4905.59,32.91,-69.297,69.296
,25,1000,4882.97,31.81,-37.503,90.54
,26,1000,4789.66,29.37,0,147
,27,1000,4839.64,28.73,38.046,141.991
,28,1000,4913.99,29.36,73.5,127.306
,29,1000,5019.8,30.27,103.945,103.945
,30,1000,5050.29,31.54,127.306,73.5
,31,1000,5152.51,29.5,141.991,38.047
,32,1000,5193.59,28.12,147,0
,33,1000,5034.97,32.06,141.991,-38.046
,34,1000,4977.97,29.46,127.306,-73.5
,35,1000,4947.37,30.6,103.945,-103.944
,36,1000,4882.89,29.49,73.5,-127.306
,37,1000,4868.46,29.76,38.047,-141.991
,38,1000,4883.42,30.86,0,-147
,39,1000,4903.67,31.82,-38.046,-141.991
,40,1000,4929.98,32.79,-73.5,-127.306
,41,1000,4953.34,33.51,-103.944,-103.945
,42,1000,4972.82,34.15,-127.305,-73.5
,43,1000,4971.54,34.42,-141.991,-38.047
,44,1000,4958.43,34.26,-147,-0.001
,45,1000,4924.9,33.1,-141.991,38.046
,46,1000,4883.44,32.15,-127.306,73.499
,47,1000,4830.64,31.56,-103.945,103.944
,48,1000,4790.98,31.02,-73.501,127.305
,49,1000,4776.16,30.45,-38.047,141.991
,,,,,,
Max,,1000,5193.59,34.86,,
Min,,1000,4776.16,28.12,,
Range,,0,417.43,6.74,,
Mean,,1000,4943.94,31.7012,,
StdD,,0,78.09,1.6424,,
%StdD,,0,1.58,5.1809,,
%NonU,,0,4.22,10.6305,,
CTE,,N/A,N/A,N/A,,
,,,,,,
Date/Time:,3/13/2020 8:42,,,,,
Film name:,Poly on 1000A Oxide,,,,,
Stage group:,49 pts radial,,,,,
Lot ID:,kk_0312 sel_post,,,,,
Wafer ID:,# 23,,,,,
Cassette recipe name:,SemiAuto -,,,,,
Wafer recipe name:,POLY ON 1K OXIDE 49PT 3mmEE,,,,,
Stage recipe name:,49 pt 12 in 4x Notch 3mm ex,,,,,
Title:,Point#,SiO2 (Å),Poly (Å),MSE,X(mm),Y(mm)
,1,1000,4930.45,32.19,0,0
,2,1000,4947.77,33.16,0,49
,3,1000,4949.65,34.06,34.648,34.648
,4,1000,4937.96,33.5,49,0
,5,1000,4916.3,32.73,34.648,-34.648
,6,1000,4914.85,31.94,0,-49
,7,1000,4945.67,31.89,-34.648,-34.648
,8,1000,4970.49,32.17,-49,0
,9,1000,4958.86,32.18,-34.648,34.648
,10,1000,4964.11,34.56,0,98
,11,1000,4977.37,35.32,37.503,90.54
,12,1000,4994.49,36.31,69.296,69.297
,13,1000,5002.93,36.44,90.54,37.503
,14,1000,4993.19,36.01,98,0
,15,1000,4962.79,34.96,90.54,-37.503
,16,1000,4920.1,33.6,69.297,-69.296
,17,1000,4888.77,32.42,37.503,-90.54
,18,1000,4890.47,32.08,0,-98
,19,1000,4927.21,32.19,-37.503,-90.54
,20,1000,4986.88,32.85,-69.296,-69.297
,21,1000,5036.56,33.32,-90.54,-37.503
,22,1000,5059.09,33.56,-98,0
,23,1000,5025.58,33.67,-90.54,37.503
,24,1000,4988.62,33.63,-69.297,69.296
,25,1000,4964.48,33.96,-37.503,90.54
,26,1000,4897.66,32.45,0,147
,27,1000,4920.53,33.3,38.046,141.991
,28,1000,4953.33,34.72,73.5,127.306
,29,1000,4988.51,36.15,103.945,103.945
,30,1000,4999.47,36.69,127.306,73.5
,31,1000,5007.39,37.43,141.991,38.047
,32,1000,4993.95,37.02,147,0
,33,1000,4964.94,36,141.991,-38.046
,34,1000,4916.36,34.33,127.306,-73.5
,35,1000,4858.42,33.38,103.945,-103.944
,36,1000,4806.78,32.68,73.5,-127.306
,37,1000,4776.18,31.96,38.047,-141.991
,38,1000,4784.92,31.06,0,-147
,39,1000,4826.75,30.35,-38.046,-141.991
,40,1000,4898.85,29.53,-73.5,-127.306
,41,1000,5019.87,31.89,-103.944,-103.945
,42,1000,5062.43,32.09,-127.305,-73.5
,43,1000,5145.61,31.01,-141.991,-38.047
,44,1000,5232.16,28.44,-147,-0.001
,45,1000,4898.97,34.16,-141.991,38.046
,46,1000,5006.78,31.69,-127.306,73.499
,47,1000,4973.29,32.15,-103.945,103.944
,48,1000,4906.98,31.34,-73.501,127.305
,49,1000,4890.16,31.67,-38.047,141.991
,,,,,,
Max,,1000,5232.16,37.43,,
Min,,1000,4776.18,28.44,,
Range,,0,455.98,8.99,,
Mean,,1000,4954.79,33.2692,,
StdD,,0,80.68,1.9522,,
%StdD,,0,1.63,5.8678,,
%NonU,,0,4.6,13.511,,
CTE,,N/A,N/A,N/A,,
,,,,,,
Date/Time:,3/13/2020 8:40,,,,,
Film name:,Poly on 1000A Oxide,,,,,
Stage group:,49 pts radial,,,,,
Lot ID:,kk_0312 sel_post,,,,,
Wafer ID:,# 22,,,,,
Cassette recipe name:,SemiAuto -,,,,,
Wafer recipe name:,POLY ON 1K OXIDE 49PT 3mmEE,,,,,
Stage recipe name:,49 pt 12 in 4x Notch 3mm ex,,,,,
Title:,Point#,SiO2 (Å),Poly (Å),MSE,X(mm),Y(mm)
,1,1000,4899.58,23.43,0,0
,2,1000,4926.94,23.51,0,49
,3,1000,4904.65,23.42,34.648,34.648
,4,1000,4900.86,23.76,49,0
,5,1000,4906.6,23.91,34.648,-34.648
,6,1000,4897.93,23.9,0,-49
,7,1000,4886.44,23.41,-34.648,-34.648
,8,1000,4903.93,23.17,-49,0
,9,1000,4932.92,23.41,-34.648,34.648
,10,1000,4964.77,23.89,0,98
,11,1000,4917.33,23.15,37.503,90.54
,12,1000,4892.4,23.25,69.296,69.297
,13,1000,4893.18,23.66,90.54,37.503
,14,1000,4911.33,24.26,98,0
,15,1000,4934.65,24.84,90.54,-37.503
,16,1000,4950.91,25.18,69.297,-69.296
,17,1000,4946.73,25.19,37.503,-90.54
,18,1000,4923.06,24.53,0,-98
,19,1000,4891.09,24.03,-37.503,-90.54
,20,1000,4868.22,23.66,-69.296,-69.297
,21,1000,4870.2,23.01,-90.54,-37.503
,22,1000,4903.52,23.22,-98,0
,23,1000,4953.2,24.18,-90.54,37.503
,24,1000,5001.71,24.82,-69.297,69.296
,25,1000,5016.18,24.99,-37.503,90.54
,26,1000,4953.75,22.75,0,147
,27,1000,4901.11,21.14,38.046,141.991
,28,1000,4853.65,21.2,73.5,127.306
,29,1000,4830.06,20.99,103.945,103.945
,30,1000,4832.72,21.29,127.306,73.5
,31,1000,4853.79,21.63,141.991,38.047
,32,1000,4885.03,21.93,147,0
,33,1000,4919.87,22.77,141.991,-38.046
,34,1000,4950.32,22.86,127.306,-73.5
,35,1000,4971.78,23.97,103.945,-103.944
,36,1000,4972.53,24.16,73.5,-127.306
,37,1000,4957.28,23.64,38.047,-141.991
,38,1000,4930,22.91,0,-147
,39,1000,4880.87,22.28,-38.046,-141.991
,40,1000,4837.92,22.04,-73.5,-127.306
,41,1000,4808.23,21.87,-103.944,-103.945
,42,1000,4805.41,21.04,-127.305,-73.5
,43,1000,4821.32,21.41,-141.991,-38.047
,44,1000,4869.13,21.28,-147,-0.001
,45,1000,4940.24,22.34,-141.991,38.046
,46,1000,5002.27,23.46,-127.306,73.499
,47,1000,5011.24,26.41,-103.945,103.944
,48,1000,5230.68,22.58,-73.501,127.305
,49,1000,5093.83,24.87,-38.047,141.991
,,,,,,
Max,,1000,5230.68,26.41,,
Min,,1000,4805.41,20.99,,
Range,,0,425.27,5.42,,
Mean,,1000,4920.64,23.2367,,
StdD,,0,72.96,1.2613,,
%StdD,,0,1.48,5.428,,
%NonU,,0,4.32,11.6626,,
CTE,,N/A,N/A,N/A,,
,,,,,,
Date/Time:,3/13/2020 8:37,,,,,
Film name:,Poly on 1000A Oxide,,,,,
Stage group:,49 pts radial,,,,,
Lot ID:,kk_0312 sel_post,,,,,
Wafer ID:,# 21,,,,,
Cassette recipe name:,SemiAuto -,,,,,
Wafer recipe name:,POLY ON 1K OXIDE 49PT 3mmEE,,,,,
Stage recipe name:,49 pt 12 in 4x Notch 3mm ex,,,,,
Title:,Point#,SiO2 (Å),Poly (Å),MSE,X(mm),Y(mm)
,1,1000,4902.65,23.61,0,0
,2,1000,4923.96,23.68,0,49
,3,1000,4900.71,23.69,34.648,34.648
,4,1000,4901.98,24.38,49,0
,5,1000,4905.52,24.41,34.648,-34.648
,6,1000,4896.17,23.96,0,-49
,7,1000,4890.53,23.6,-34.648,-34.648
,8,1000,4911.41,23.59,-49,0
,9,1000,4936.83,23.76,-34.648,34.648
,10,1000,4947.92,23.82,0,98
,11,1000,4905.29,23.42,37.503,90.54
,12,1000,4887.69,23.51,69.296,69.297
,13,1000,4895.63,23.93,90.54,37.503
,14,1000,4916.84,24.76,98,0
,15,1000,4938.65,24.88,90.54,-37.503
,16,1000,4949.95,25.73,69.297,-69.296
,17,1000,4938.69,25.04,37.503,-90.54
,18,1000,4912.6,24.8,0,-98
,19,1000,4881.55,24.08,-37.503,-90.54
,20,1000,4869.3,23.94,-69.296,-69.297
,21,1000,4880.1,23.07,-90.54,-37.503
,22,1000,4920.93,23.69,-98,0
,23,1000,4973.12,24.65,-90.54,37.503
,24,1000,5021.06,25.53,-69.297,69.296
,25,1000,5007.23,25.06,-37.503,90.54
,26,1000,4928.84,21.46,0,147
,27,1000,4880.98,22.18,38.046,141.991
,28,1000,4834.97,21.08,73.5,127.306
,29,1000,4828.37,21.28,103.945,103.945
,30,1000,4837.98,21.59,127.306,73.5
,31,1000,4864.07,21.97,141.991,38.047
,32,1000,4897.03,22.74,147,0
,33,1000,4934.44,23.72,141.991,-38.046
,34,1000,4959.55,24.2,127.306,-73.5
,35,1000,4971.65,24.41,103.945,-103.944
,36,1000,4968.06,24.5,73.5,-127.306
,37,1000,4941.61,23.79,38.047,-141.991
,38,1000,4905.98,23.13,0,-147
,39,1000,4860.17,22.2,-38.046,-141.991
,40,1000,4824.59,22.15,-73.5,-127.306
,41,1000,4801.55,21.6,-103.944,-103.945
,42,1000,4809.54,21.7,-127.305,-73.5
,43,1000,4844.81,21.35,-141.991,-38.047
,44,1000,4892.48,22.15,-147,-0.001
,45,1000,4973.88,22.59,-141.991,38.046
,46,1000,5010.01,24.82,-127.306,73.499
,47,1000,5149.4,24.1,-103.945,103.944
,48,1000,5189.94,23.05,-73.501,127.305
,49,1000,4991.07,24.28,-38.047,141.991
,,,,,,
Max,,1000,5189.94,25.73,,
Min,,1000,4801.55,21.08,,
Range,,0,388.39,4.65,,
Mean,,1000,4920.76,23.4822,,
StdD,,0,72.95,1.2059,,
%StdD,,0,1.48,5.1355,,
%NonU,,0,3.95,9.9011,,
CTE,,N/A,N/A,N/A,,
,,,,,,
Date/Time:,3/13/2020 8:35,,,,,
Film name:,SIN ON 1K FIX OX RC,,,,,
Stage group:,49 pts radial,,,,,
Lot ID:,kk_0312 sel_post,,,,,
Wafer ID:,# 19,,,,,
Cassette recipe name:,SemiAuto -,,,,,
Wafer recipe name:,Nitride on 1kA Fix Ox 49pt 3mm,,,,,
Stage recipe name:,49 pt 12 in 4x Notch 3mm ex,,,,,
Title:,Point#,SiO2 (Å),Si3N4 (Å),MSE,X(mm),Y(mm)
,1,1000,2711.78,0.0038,0,0
,2,1000,2717.4,0.0045,0,49
,3,1000,2730.64,0.004,34.648,34.648
,4,1000,2740.18,0.0043,49,0
,5,1000,2741.57,0.004,34.648,-34.648
,6,1000,2738.11,0.0035,0,-49
,7,1000,2726.63,0.0052,-34.648,-34.648
,8,1000,2713.81,0.0049,-49,0
,9,1000,2710.16,0.0042,-34.648,34.648
,10,1000,2755.14,0.0026,0,98
,11,1000,2769.42,0.0041,37.503,90.54
,12,1000,2785.92,0.0052,69.296,69.297
,13,1000,2797.18,0.0051,90.54,37.503
,14,1000,2802.86,0.0055,98,0
,15,1000,2797.93,0.0073,90.54,-37.503
,16,1000,2792.95,0.0057,69.297,-69.296
,17,1000,2794.45,0.0037,37.503,-90.54
,18,1000,2794.63,0.0033,0,-98
,19,1000,2787.6,0.0035,-37.503,-90.54
,20,1000,2770.64,0.004,-69.296,-69.297
,21,1000,2754.4,0.0037,-90.54,-37.503
,22,1000,2742.6,0.0013,-98,0
,23,1000,2736.71,0.0004,-90.54,37.503
,24,1000,2737.81,0.0005,-69.297,69.296
,25,1000,2744.66,0.0003,-37.503,90.54
,26,1000,2757.31,0.0018,0,147
,27,1000,2770.05,0.0041,38.046,141.991
,28,1000,2785.6,0.0055,73.5,127.306
,29,1000,2805.27,0.0052,103.945,103.945
,30,1000,2818.32,0.0052,127.306,73.5
,31,1000,2828.15,0.0044,141.991,38.047
,32,1000,2843.72,0.0043,147,0
,33,1000,2855.93,0.0041,141.991,-38.046
,34,1000,2807.38,0.003,127.306,-73.5
,35,1000,2815.32,0.0029,103.945,-103.944
,36,1000,2879.07,0.0035,73.5,-127.306
,37,1000,2787.27,0.0036,38.047,-141.991
,38,1000,2856.89,0.0036,0,-147
,39,1000,2843.54,0.0041,-38.046,-141.991
,40,1000,2804.83,0.0033,-73.5,-127.306
,41,1000,2780.95,0.0034,-103.944,-103.945
,42,1000,2769.81,0.0038,-127.305,-73.5
,43,1000,2754.43,0.002,-141.991,-38.047
,44,1000,2745.25,0.0005,-147,-0.001
,45,1000,2733.02,0.0004,-141.991,38.046
,46,1000,2729.64,0.0004,-127.306,73.499
,47,1000,2733.41,0.0004,-103.945,103.944
,48,1000,2741.61,0.0004,-73.501,127.305
,49,1000,2744.58,0.0008,-38.047,141.991
,,,,,,
Max,,1000,2879.07,0.0073,,
Min,,1000,2710.16,0.0003,,
Range,,0,168.91,0.007,,
Mean,,1000,2773.19,0.0034,,
StdD,,0,41.88,0.0017,,
%StdD,,0,1.51,51.3244,,
%NonU,,0,3.05,103.5184,,
CTE,,N/A,N/A,N/A,,
,,,,,,
Date/Time:,3/13/2020 8:33,,,,,
Film name:,SIN ON 1K FIX OX RC,,,,,
Stage group:,49 pts radial,,,,,
Lot ID:,kk_0312 sel_post,,,,,
Wafer ID:,# 18,,,,,
Cassette recipe name:,SemiAuto -,,,,,
Wafer recipe name:,Nitride on 1kA Fix Ox 49pt 3mm,,,,,
Stage recipe name:,49 pt 12 in 4x Notch 3mm ex,,,,,
Title:,Point#,SiO2 (Å),Si3N4 (Å),MSE,X(mm),Y(mm)
,1,1000,2723.7,0.0038,0,0
,2,1000,2750.29,0.0045,0,49
,3,1000,2750.14,0.0039,34.648,34.648
,4,1000,2742.78,0.0045,49,0
,5,1000,2735.18,0.0042,34.648,-34.648
,6,1000,2733.25,0.0034,0,-49
,7,1000,2736.93,0.0051,-34.648,-34.648
,8,1000,2742.21,0.0049,-49,0
,9,1000,2745.68,0.0045,-34.648,34.648
,10,1000,2816.25,0.0024,0,98
,11,1000,2821.65,0.0042,37.503,90.54
,12,1000,2819.4,0.0052,69.296,69.297
,13,1000,2810.81,0.0053,90.54,37.503
,14,1000,2799.3,0.006,98,0
,15,1000,2788.7,0.0076,90.54,-37.503
,16,1000,2781.12,0.0059,69.297,-69.296
,17,1000,2776.92,0.0039,37.503,-90.54
,18,1000,2776.57,0.0032,0,-98
,19,1000,2779.35,0.0035,-37.503,-90.54
,20,1000,2784.7,0.004,-69.296,-69.297
,21,1000,2791.76,0.0035,-90.54,-37.503
,22,1000,2797.38,0.0012,-98,0
,23,1000,2794.56,0.0005,-90.54,37.503
,24,1000,2797.41,0.0006,-69.297,69.296
,25,1000,2801.25,0.0003,-37.503,90.54
,26,1000,2863.14,0.0016,0,147
,27,1000,2834.51,0.0041,38.046,141.991
,28,1000,2827.89,0.0055,73.5,127.306
,29,1000,2824.42,0.0055,103.945,103.945
,30,1000,2816.78,0.0049,127.306,73.5
,31,1000,2803.18,0.0046,141.991,38.047
,32,1000,2789.22,0.0047,147,0
,33,1000,2776.46,0.0043,141.991,-38.046
,34,1000,2769.82,0.0036,127.306,-73.5
,35,1000,2768.21,0.0033,103.945,-103.944
,36,1000,2767.03,0.0036,73.5,-127.306
,37,1000,2770.8,0.0041,38.047,-141.991
,38,1000,2769.5,0.0037,0,-147
,39,1000,2772.4,0.0033,-38.046,-141.991
,40,1000,2772.05,0.0031,-73.5,-127.306
,41,1000,2773.75,0.0033,-103.944,-103.945
,42,1000,2778.04,0.0034,-127.305,-73.5
,43,1000,2799.59,0.0017,-141.991,-38.047
,44,1000,2822.25,0.0004,-147,-0.001
,45,1000,2798.63,0.0003,-141.991,38.046
,46,1000,2802.76,0.0003,-127.306,73.499
,47,1000,2861.33,0.0003,-103.945,103.944
,48,1000,2782.29,0.0003,-73.501,127.305
,49,1000,2840.7,0.0006,-38.047,141.991
,,,,,,
Max,,1000,2863.14,0.0076,,
Min,,1000,2723.7,0.0003,,
Range,,0,139.44,0.0073,,
Mean,,1000,2787.39,0.0034,,
StdD,,0,32.28,0.0018,,
%StdD,,0,1.16,53.5175,,
%NonU,,0,2.5,107.8652,,
CTE,,N/A,N/A,N/A,,
,,,,,,
Date/Time:,3/13/2020 8:30,,,,,
Film name:,SIN ON 1K FIX OX RC,,,,,
Stage group:,49 pts radial,,,,,
Lot ID:,kk_0312 sel_post,,,,,
Wafer ID:,# 17,,,,,
Cassette recipe name:,SemiAuto -,,,,,
Wafer recipe name:,Nitride on 1kA Fix Ox 49pt 3mm,,,,,
Stage recipe name:,49 pt 12 in 4x Notch 3mm ex,,,,,
Title:,Point#,SiO2 (Å),Si3N4 (Å),MSE,X(mm),Y(mm)
,1,1000,2643.12,0.0041,0,0
,2,1000,2659.77,0.0048,0,49
,3,1000,2673.68,0.0039,34.648,34.648
,4,1000,2678.75,0.0044,49,0
,5,1000,2674.79,0.0041,34.648,-34.648
,6,1000,2667.47,0.0034,0,-49
,7,1000,2654.75,0.0052,-34.648,-34.648
,8,1000,2645.13,0.0054,-49,0
,9,1000,2647.21,0.0047,-34.648,34.648
,10,1000,2716.16,0.0028,0,98
,11,1000,2733.57,0.0044,37.503,90.54
,12,1000,2748.57,0.0055,69.296,69.297
,13,1000,2756.97,0.0052,90.54,37.503
,14,1000,2755.75,0.0059,98,0
,15,1000,2742.67,0.0074,90.54,-37.503
,16,1000,2737.76,0.0057,69.297,-69.296
,17,1000,2733.59,0.0037,37.503,-90.54
,18,1000,2731.55,0.0031,0,-98
,19,1000,2718.6,0.0033,-37.503,-90.54
,20,1000,2703.17,0.004,-69.296,-69.297
,21,1000,2691.17,0.0036,-90.54,-37.503
,22,1000,2679.6,0.0013,-98,0
,23,1000,2679.23,0.0004,-90.54,37.503
,24,1000,2686.79,0.0004,-69.297,69.296
,25,1000,2699.68,0.0004,-37.503,90.54
,26,1000,2747.74,0.002,0,147
,27,1000,2766.53,0.0044,38.046,141.991
,28,1000,2785.59,0.0057,73.5,127.306
,29,1000,2804.88,0.0053,103.945,103.945
,30,1000,2816.71,0.005,127.306,73.5
,31,1000,2823.42,0.0045,141.991,38.047
,32,1000,2815.69,0.0043,147,0
,33,1000,2832.18,0.0038,141.991,-38.046
,34,1000,2753.55,0.0031,127.306,-73.5
,35,1000,2829.27,0.0029,103.945,-103.944
,36,1000,2797.08,0.0031,73.5,-127.306
,37,1000,2773.61,0.0033,38.047,-141.991
,38,1000,2812.72,0.0034,0,-147
,39,1000,2761.65,0.0032,-38.046,-141.991
,40,1000,2747.77,0.0032,-73.5,-127.306
,41,1000,2729.27,0.0033,-103.944,-103.945
,42,1000,2715.54,0.0035,-127.305,-73.5
,43,1000,2704.81,0.002,-141.991,-38.047
,44,1000,2697.49,0.0005,-147,-0.001
,45,1000,2687.16,0.0005,-141.991,38.046
,46,1000,2690.26,0.0005,-127.306,73.499
,47,1000,2701.28,0.0004,-103.945,103.944
,48,1000,2716.32,0.0005,-73.501,127.305
,49,1000,2727.57,0.0009,-38.047,141.991
,,,,,,
Max,,1000,2832.18,0.0074,,
Min,,1000,2643.12,0.0004,,
Range,,0,189.06,0.007,,
Mean,,1000,2728.52,0.0034,,
StdD,,0,52.63,0.0018,,
%StdD,,0,1.93,52.0792,,
%NonU,,0,3.46,103.4137,,
CTE,,N/A,N/A,N/A,,
,,,,,,
Date/Time:,3/13/2020 8:28,,,,,
Film name:,SIN ON 1K FIX OX RC,,,,,
Stage group:,49 pts radial,,,,,
Lot ID:,kk_0312 sel_post,,,,,
Wafer ID:,# 16,,,,,
Cassette recipe name:,SemiAuto -,,,,,
Wafer recipe name:,Nitride on 1kA Fix Ox 49pt 3mm,,,,,
Stage recipe name:,49 pt 12 in 4x Notch 3mm ex,,,,,
Title:,Point#,SiO2 (Å),Si3N4 (Å),MSE,X(mm),Y(mm)
,1,1000,2617.24,0.0042,0,0
,2,1000,2644.73,0.0044,0,49
,3,1000,2653.81,0.0039,34.648,34.648
,4,1000,2654.23,0.0042,49,0
,5,1000,2646.82,0.0043,34.648,-34.648
,6,1000,2636.35,0.0037,0,-49
,7,1000,2627.63,0.0054,-34.648,-34.648
,8,1000,2626.65,0.0051,-49,0
,9,1000,2634.09,0.0043,-34.648,34.648
,10,1000,2718,0.0024,0,98
,11,1000,2730.23,0.0037,37.503,90.54
,12,1000,2737.43,0.0049,69.296,69.297
,13,1000,2743.17,0.0048,90.54,37.503
,14,1000,2736.61,0.0056,98,0
,15,1000,2727.35,0.0073,90.54,-37.503
,16,1000,2720.46,0.0061,69.297,-69.296
,17,1000,2714.61,0.0043,37.503,-90.54
,18,1000,2705.11,0.0037,0,-98
,19,1000,2695.57,0.0039,-37.503,-90.54
,20,1000,2687.74,0.0044,-69.296,-69.297
,21,1000,2685.03,0.0038,-90.54,-37.503
,22,1000,2688.42,0.0014,-98,0
,23,1000,2696.04,0.0006,-90.54,37.503
,24,1000,2705.23,0.0006,-69.297,69.296
,25,1000,2713.45,0.0004,-37.503,90.54
,26,1000,2774.12,0.0016,0,147
,27,1000,2801.11,0.0033,38.046,141.991
,28,1000,2855.15,0.0044,73.5,127.306
,29,1000,2769.36,0.0051,103.945,103.945
,30,1000,2849.52,0.0046,127.306,73.5
,31,1000,2825.89,0.0048,141.991,38.047
,32,1000,2803.15,0.0055,147,0
,33,1000,2784.73,0.0181,141.991,-38.046
,34,1000,2779.65,0.0053,127.306,-73.5
,35,1000,2788.18,0.005,103.945,-103.944
,36,1000,2787.77,0.0053,73.5,-127.306
,37,1000,2777.97,0.005,38.047,-141.991
,38,1000,2767.56,0.0049,0,-147
,39,1000,2758.52,0.0052,-38.046,-141.991
,40,1000,2756.46,0.0081,-73.5,-127.306
,41,1000,2729.28,0.0048,-103.944,-103.945
,42,1000,2714.72,0.0033,-127.305,-73.5
,43,1000,2714.47,0.0014,-141.991,-38.047
,44,1000,2718.5,0.0005,-147,-0.001
,45,1000,2722.46,0.0003,-141.991,38.046
,46,1000,2732.02,0.0003,-127.306,73.499
,47,1000,2742.56,0.0003,-103.945,103.944
,48,1000,2769.49,0.0003,-73.501,127.305
,49,1000,2793.42,0.0005,-38.047,141.991
,,,,,,
Max,,1000,2855.15,0.0181,,
Min,,1000,2617.24,0.0003,,
Range,,0,237.9,0.0178,,
Mean,,1000,2727.8,0.004,,
StdD,,0,58.51,0.0029,,
%StdD,,0,2.15,71.5638,,
%NonU,,0,4.36,223.8809,,
CTE,,N/A,N/A,N/A,,
,,,,,,
Date/Time:,3/13/2020 8:25,,,,,
Film name:,SIN ON 1K FIX OX RC,,,,,
Stage group:,49 pts radial,,,,,
Lot ID:,kk_0312 sel_post,,,,,
Wafer ID:,# 15,,,,,
Cassette recipe name:,SemiAuto -,,,,,
Wafer recipe name:,Nitride on 1kA Fix Ox 49pt 3mm,,,,,
Stage recipe name:,49 pt 12 in 4x Notch 3mm ex,,,,,
Title:,Point#,SiO2 (Å),Si3N4 (Å),MSE,X(mm),Y(mm)
,1,1000,2752.24,0.0037,0,0
,2,1000,2773.65,0.0043,0,49
,3,1000,2771.55,0.0038,34.648,34.648
,4,1000,2764.86,0.0042,49,0
,5,1000,2759.98,0.0041,34.648,-34.648
,6,1000,2760.89,0.0033,0,-49
,7,1000,2766.14,0.0052,-34.648,-34.648
,8,1000,2771.66,0.0047,-49,0
,9,1000,2773,0.0042,-34.648,34.648
,10,1000,2826.12,0.0023,0,98
,11,1000,2830.14,0.004,37.503,90.54
,12,1000,2827.32,0.0051,69.296,69.297
,13,1000,2819.47,0.0052,90.54,37.503
,14,1000,2809.48,0.0058,98,0
,15,1000,2801.18,0.0072,90.54,-37.503
,16,1000,2796.88,0.006,69.297,-69.296
,17,1000,2796.56,0.0038,37.503,-90.54
,18,1000,2798.07,0.0031,0,-98
,19,1000,2802.32,0.0034,-37.503,-90.54
,20,1000,2807.59,0.0038,-69.296,-69.297
,21,1000,2814.84,0.0035,-90.54,-37.503
,22,1000,2821.92,0.0011,-98,0
,23,1000,2819.48,0.0005,-90.54,37.503
,24,1000,2818.74,0.0006,-69.297,69.296
,25,1000,2816.59,0.0003,-37.503,90.54
,26,1000,2845.41,0.0018,0,147
,27,1000,2832.76,0.0039,38.046,141.991
,28,1000,2812.43,0.0055,73.5,127.306
,29,1000,2805.91,0.006,103.945,103.945
,30,1000,2804.47,0.005,127.306,73.5
,31,1000,2794.23,0.0046,141.991,38.047
,32,1000,2784.44,0.0045,147,0
,33,1000,2774.07,0.0046,141.991,-38.046
,34,1000,2770.35,0.0033,127.306,-73.5
,35,1000,2773.47,0.0033,103.945,-103.944
,36,1000,2778.08,0.0032,73.5,-127.306
,37,1000,2786.57,0.0043,38.047,-141.991
,38,1000,2786.76,0.0034,0,-147
,39,1000,2791.72,0.0031,-38.046,-141.991
,40,1000,2792.23,0.0033,-73.5,-127.306
,41,1000,2789.63,0.0034,-103.944,-103.945
,42,1000,2791.54,0.0034,-127.305,-73.5
,43,1000,2802.14,0.0015,-141.991,-38.047
,44,1000,2832.23,0.0004,-147,-0.001
,45,1000,2837.57,0.0003,-141.991,38.046
,46,1000,2787.49,0.0003,-127.306,73.499
,47,1000,2866.14,0.0003,-103.945,103.944
,48,1000,2821.35,0.0003,-73.501,127.305
,49,1000,2804.23,0.0007,-38.047,141.991
,,,,,,
Max,,1000,2866.14,0.0072,,
Min,,1000,2752.24,0.0003,,
Range,,0,113.9,0.0069,,
Mean,,1000,2799.3,0.0033,,
StdD,,0,24.95,0.0018,,
%StdD,,0,0.89,53.6892,,
%NonU,,0,2.03,103.2925,,
CTE,,N/A,N/A,N/A,,
,,,,,,
Date/Time:,3/13/2020 8:23,,,,,
Film name:,Oxide on Si,,,,,
Stage group:,49 pts radials,,,,,
Lot ID:,kk_0312 sel_post,,,,,
Wafer ID:,# 13,,,,,
Cassette recipe name:,SemiAuto -,,,,,
Wafer recipe name:,SiO2 49 PTS 3EE focus all,,,,,
Stage recipe name:,49 pt 4X 3mm focus all,,,,,
Title:,Point#,SiO2 (Å),MSE,X(mm),Y(mm),
,1,1695.78,0.96,0,0,
,2,1685.96,1.14,0,49,
,3,1696.88,0.9,34.648,34.648,
,4,1706.94,1.15,49,0,
,5,1714.17,1.07,34.648,-34.648,
,6,1718.74,0.64,0,-49,
,7,1703.23,1.81,-34.648,-34.648,
,8,1690.18,1.36,-49,0,
,9,1684.42,1.14,-34.648,34.648,
,10,1682.13,0.4,0,98,
,11,1681.9,0.91,37.503,90.54,
,12,1689.83,1.48,69.296,69.297,
,13,1705.42,1.67,90.54,37.503,
,14,1716.39,1.95,98,0,
,15,1726.21,2.56,90.54,-37.503,
,16,1733.76,2.02,69.297,-69.296,
,17,1740,0.99,37.503,-90.54,
,18,1742.2,0.67,0,-98,
,19,1744.06,0.93,-37.503,-90.54,
,20,1717.6,0.84,-69.296,-69.297,
,21,1687.75,0.59,-90.54,-37.503,
,22,1680.6,1.32,-98,0,
,23,1682.96,3.59,-90.54,37.503,
,24,1687.33,3.82,-69.297,69.296,
,25,1686.84,2.37,-37.503,90.54,
,26,1593.27,1.07,0,147,
,27,1591.89,0.49,38.046,141.991,
,28,1588.65,0.64,73.5,127.306,
,29,1597.48,0.76,103.945,103.945,
,30,1624.01,1.04,127.306,73.5,
,31,1630.21,1.19,141.991,38.047,
,32,1647.05,1.52,147,0,
,33,1663.37,1.54,141.991,-38.046,
,34,1670.72,1.36,127.306,-73.5,
,35,1682.45,1.31,103.945,-103.944,
,36,1688.18,1.25,73.5,-127.306,
,37,1693.83,0.68,38.047,-141.991,
,38,1690.77,0.45,0,-147,
,39,1691.74,0.43,-38.046,-141.991,
,40,1663.78,0.43,-73.5,-127.306,
,41,1625.59,0.4,-103.944,-103.945,
,42,1588.17,0.44,-127.305,-73.5,
,43,1564.39,1.18,-141.991,-38.047,
,44,1568.42,2.25,-147,-0.001,
,45,1557.65,2.64,-141.991,38.046,
,46,1575.45,2.74,-127.306,73.499,
,47,1596.34,2.67,-103.945,103.944,
,48,1607.97,2.44,-73.501,127.305,
,49,1606.78,1.98,-38.047,141.991,
,,,,,,
Max,,1744.06,3.82,,,
Min,,1557.65,0.4,,,
Range,,186.41,3.42,,,
Mean,,1665.5,1.371,,,
StdD,,52.74,0.8269,,,
%StdD,,3.17,60.3149,,,
%NonU,,5.6,124.7246,,,
CTE,,N/A,N/A,,,
,,,,,,
Date/Time:,3/13/2020 8:20,,,,,
Film name:,Oxide on Si,,,,,
Stage group:,49 pts radials,,,,,
Lot ID:,kk_0312 sel_post,,,,,
Wafer ID:,# 12,,,,,
Cassette recipe name:,SemiAuto -,,,,,
Wafer recipe name:,SiO2 49 PTS 3EE focus all,,,,,
Stage recipe name:,49 pt 4X 3mm focus all,,,,,
Title:,Point#,SiO2 (Å),MSE,X(mm),Y(mm),
,1,1712.08,0.89,0,0,
,2,1700.82,1.28,0,49,
,3,1714.11,0.99,34.648,34.648,
,4,1722.19,1.04,49,0,
,5,1727.55,1.13,34.648,-34.648,
,6,1726.12,0.54,0,-49,
,7,1713.21,1.59,-34.648,-34.648,
,8,1707.29,1.57,-49,0,
,9,1700.04,1.14,-34.648,34.648,
,10,1695.66,0.42,0,98,
,11,1695.95,0.95,37.503,90.54,
,12,1705.04,1.58,69.296,69.297,
,13,1722.64,1.85,90.54,37.503,
,14,1731.78,1.92,98,0,
,15,1739.82,2.8,90.54,-37.503,
,16,1746.11,2.26,69.297,-69.296,
,17,1751.9,1.14,37.503,-90.54,
,18,1746.97,0.63,0,-98,
,19,1736.02,0.74,-37.503,-90.54,
,20,1716.79,1.01,-69.296,-69.297,
,21,1701.41,0.81,-90.54,-37.503,
,22,1697.83,1.37,-98,0,
,23,1699.63,3.75,-90.54,37.503,
,24,1702.09,3.86,-69.297,69.296,
,25,1700.2,2.29,-37.503,90.54,
,26,1606.22,1.07,0,147,
,27,1596.15,0.46,38.046,141.991,
,28,1591.76,0.76,73.5,127.306,
,29,1602.37,0.72,103.945,103.945,
,30,1634.02,1.12,127.306,73.5,
,31,1635.29,1.24,141.991,38.047,
,32,1650.55,1.32,147,0,
,33,1663.11,1.67,141.991,-38.046,
,34,1669.53,1.41,127.306,-73.5,
,35,1678.06,1.38,103.945,-103.944,
,36,1684.27,1.12,73.5,-127.306,
,37,1688.27,0.87,38.047,-141.991,
,38,1686.91,0.42,0,-147,
,39,1682.79,0.51,-38.046,-141.991,
,40,1657.54,0.49,-73.5,-127.306,
,41,1621.26,0.45,-103.944,-103.945,
,42,1585.93,0.48,-127.305,-73.5,
,43,1569.16,1.17,-141.991,-38.047,
,44,1574.15,2.3,-147,-0.001,
,45,1566.01,2.68,-141.991,38.046,
,46,1584.46,2.78,-127.306,73.499,
,47,1604.95,2.72,-103.945,103.944,
,48,1624.55,2.43,-73.501,127.305,
,49,1619.42,2,-38.047,141.991,
,,,,,,
Max,,1751.9,3.86,,,
Min,,1566.01,0.42,,,
Range,,185.89,3.44,,,
Mean,,1673.26,1.4106,,,
StdD,,54.24,0.8435,,,
%StdD,,3.24,59.7945,,,
%NonU,,5.55,121.9329,,,
CTE,,N/A,N/A,,,
,,,,,,
Date/Time:,3/13/2020 8:17,,,,,
Film name:,Oxide on Si,,,,,
Stage group:,49 pts radials,,,,,
Lot ID:,kk_0312 sel_post,,,,,
Wafer ID:,# 11,,,,,
Cassette recipe name:,SemiAuto -,,,,,
Wafer recipe name:,SiO2 49 PTS 3EE focus all,,,,,
Stage recipe name:,49 pt 4X 3mm focus all,,,,,
Title:,Point#,SiO2 (Å),MSE,X(mm),Y(mm),
,1,1706.46,0.89,0,0,
,2,1713.56,1.34,0,49,
,3,1699.66,1.08,34.648,34.648,
,4,1698.77,0.97,49,0,
,5,1708.97,1.11,34.648,-34.648,
,6,1711.12,0.58,0,-49,
,7,1712.43,1.69,-34.648,-34.648,
,8,1715.47,1.34,-49,0,
,9,1712.12,1.11,-34.648,34.648,
,10,1715.99,0.45,0,98,
,11,1695.94,0.95,37.503,90.54,
,12,1691.29,1.59,69.296,69.297,
,13,1696.19,1.65,90.54,37.503,
,14,1700.49,1.82,98,0,
,15,1702.46,2.64,90.54,-37.503,
,16,1703.89,2.33,69.297,-69.296,
,17,1718.48,0.89,37.503,-90.54,
,18,1718.32,0.47,0,-98,
,19,1727.56,0.69,-37.503,-90.54,
,20,1735.73,1.04,-69.296,-69.297,
,21,1737.84,0.84,-90.54,-37.503,
,22,1739.04,1.19,-98,0,
,23,1737.25,3.76,-90.54,37.503,
,24,1731.92,3.99,-69.297,69.296,
,25,1722.06,2.33,-37.503,90.54,
,26,1611.32,0.92,0,147,
,27,1567.9,0.49,38.046,141.991,
,28,1560.45,0.78,73.5,127.306,
,29,1579.13,0.83,103.945,103.945,
,30,1616.34,1.15,127.306,73.5,
,31,1626.06,1.1,141.991,38.047,
,32,1643.65,1.44,147,0,
,33,1624.53,1.23,141.991,-38.046,
,34,1593.28,1.26,127.306,-73.5,
,35,1579.91,0.8,103.945,-103.944,
,36,1606.91,0.74,73.5,-127.306,
,37,1589.83,0.57,38.047,-141.991,
,38,1582.54,0.47,0,-147,
,39,1600.16,0.46,-38.046,-141.991,
,40,1621.68,0.43,-73.5,-127.306,
,41,1632.8,0.43,-103.944,-103.945,
,42,1628.17,0.46,-127.305,-73.5,
,43,1626.29,1.07,-141.991,-38.047,
,44,1616.94,2.32,-147,-0.001,
,45,1606.6,2.65,-141.991,38.046,
,46,1599.25,2.66,-127.306,73.499,
,47,1598.04,2.48,-103.945,103.944,
,48,1592.23,2.12,-73.501,127.305,
,49,1584.11,1.89,-38.047,141.991,
,,,,,,
Max,,1739.04,3.99,,,
Min,,1560.45,0.43,,,
Range,,178.59,3.56,,,
Mean,,1660.02,1.3365,,,
StdD,,58.66,0.8456,,,
%StdD,,3.53,63.2689,,,
%NonU,,5.38,133.1806,,,
CTE,,N/A,N/A,,,
,,,,,,
Date/Time:,3/13/2020 8:15,,,,,
Film name:,Oxide on Si,,,,,
Stage group:,49 pts radials,,,,,
Lot ID:,kk_0312 sel_post,,,,,
Wafer ID:,# 10,,,,,
Cassette recipe name:,SemiAuto -,,,,,
Wafer recipe name:,SiO2 49 PTS 3EE focus all,,,,,
Stage recipe name:,49 pt 4X 3mm focus all,,,,,
Title:,Point#,SiO2 (Å),MSE,X(mm),Y(mm),
,1,1702.27,0.92,0,0,
,2,1692.66,1.26,0,49,
,3,1702.38,0.82,34.648,34.648,
,4,1713.25,1.18,49,0,
,5,1721.07,1.04,34.648,-34.648,
,6,1719.79,0.65,0,-49,
,7,1705.54,1.49,-34.648,-34.648,
,8,1693.32,1.31,-49,0,
,9,1690.84,0.96,-34.648,34.648,
,10,1688.41,0.54,0,98,
,11,1686.4,0.83,37.503,90.54,
,12,1693.16,1.38,69.296,69.297,
,13,1706.85,1.61,90.54,37.503,
,14,1719.82,1.94,98,0,
,15,1728.91,2.54,90.54,-37.503,
,16,1734.58,2.28,69.297,-69.296,
,17,1738.85,1,37.503,-90.54,
,18,1736.29,0.54,0,-98,
,19,1729.76,0.88,-37.503,-90.54,
,20,1711.06,0.72,-69.296,-69.297,
,21,1685.82,0.68,-90.54,-37.503,
,22,1678.66,1.34,-98,0,
,23,1684.06,3.69,-90.54,37.503,
,24,1690.55,3.98,-69.297,69.296,
,25,1691.9,2.52,-37.503,90.54,
,26,1592.83,1.19,0,147,
,27,1596.14,0.46,38.046,141.991,
,28,1594.6,0.76,73.5,127.306,
,29,1603.25,0.91,103.945,103.945,
,30,1629.21,1.04,127.306,73.5,
,31,1635.59,1.35,141.991,38.047,
,32,1653.08,1.63,147,0,
,33,1666.3,1.78,141.991,-38.046,
,34,1673.66,1.47,127.306,-73.5,
,35,1687.99,1.42,103.945,-103.944,
,36,1688.15,1.11,73.5,-127.306,
,37,1690.22,1.03,38.047,-141.991,
,38,1689.1,0.48,0,-147,
,39,1687.08,0.5,-38.046,-141.991,
,40,1680.24,0.53,-73.5,-127.306,
,41,1648.32,0.41,-103.944,-103.945,
,42,1599.78,0.49,-127.305,-73.5,
,43,1566.23,1.2,-141.991,-38.047,
,44,1570.61,2.37,-147,-0.001,
,45,1561.54,2.82,-141.991,38.046,
,46,1579.68,2.69,-127.306,73.499,
,47,1596.87,2.65,-103.945,103.944,
,48,1609.84,2.48,-73.501,127.305,
,49,1609.87,2,-38.047,141.991,
,,,,,,
Max,,1738.85,3.98,,,
Min,,1561.54,0.41,,,
Range,,177.31,3.57,,,
Mean,,1668.5,1.4055,,,
StdD,,51.08,0.8469,,,
%StdD,,3.06,60.2526,,,
%NonU,,5.31,127.0001,,,
CTE,,N/A,N/A,,,
,,,,,,
Date/Time:,3/13/2020 8:12,,,,,
Film name:,Oxide on Si,,,,,
Stage group:,49 pts radials,,,,,
Lot ID:,kk_0312 sel_post,,,,,
Wafer ID:,# 09,,,,,
Cassette recipe name:,SemiAuto -,,,,,
Wafer recipe name:,SiO2 49 PTS 3EE focus all,,,,,
Stage recipe name:,49 pt 4X 3mm focus all,,,,,
Title:,Point#,SiO2 (Å),MSE,X(mm),Y(mm),
,1,1705.14,0.98,0,0,
,2,1694.58,1.16,0,49,
,3,1705.61,0.76,34.648,34.648,
,4,1718.43,1.08,49,0,
,5,1727.54,1.14,34.648,-34.648,
,6,1732.98,0.56,0,-49,
,7,1721.43,1.63,-34.648,-34.648,
,8,1699.48,1.37,-49,0,
,9,1694.31,0.82,-34.648,34.648,
,10,1695.23,0.41,0,98,
,11,1694.36,1.05,37.503,90.54,
,12,1701.73,1.64,69.296,69.297,
,13,1717.35,1.62,90.54,37.503,
,14,1730.14,2.01,98,0,
,15,1741.34,2.73,90.54,-37.503,
,16,1749.5,2.42,69.297,-69.296,
,17,1756.82,1.11,37.503,-90.54,
,18,1790.12,0.7,0,-98,
,19,1804.18,1.17,-37.503,-90.54,
,20,1727.62,1.11,-69.296,-69.297,
,21,1702,0.62,-90.54,-37.503,
,22,1695.82,1.37,-98,0,
,23,1696.74,3.73,-90.54,37.503,
,24,1700.73,3.99,-69.297,69.296,
,25,1700.49,2.57,-37.503,90.54,
,26,1624.18,1.24,0,147,
,27,1625.38,0.42,38.046,141.991,
,28,1624.16,0.71,73.5,127.306,
,29,1630.81,1.09,103.945,103.945,
,30,1658.75,1.17,127.306,73.5,
,31,1663.79,1.46,141.991,38.047,
,32,1682.06,1.52,147,0,
,33,1698.96,1.56,141.991,-38.046,
,34,1707.28,1.62,127.306,-73.5,
,35,1723.45,1.69,103.945,-103.944,
,36,1728.88,2.24,73.5,-127.306,
,37,1732.57,1.14,38.047,-141.991,
,38,1729.72,0.52,0,-147,
,39,1732.35,0.66,-38.046,-141.991,
,40,1710.56,0.5,-73.5,-127.306,
,41,1671.51,0.62,-103.944,-103.945,
,42,1630.65,0.45,-127.305,-73.5,
,43,1600.32,1.2,-141.991,-38.047,
,44,1601.37,2.4,-147,-0.001,
,45,1591.7,2.78,-141.991,38.046,
,46,1609.76,2.94,-127.306,73.499,
,47,1626.16,2.8,-103.945,103.944,
,48,1636.72,2.72,-73.501,127.305,
,49,1639.43,2.12,-38.047,141.991,
,,,,,,
Max,,1804.18,3.99,,,
Min,,1591.7,0.41,,,
Range,,212.48,3.58,,,
Mean,,1691.51,1.4963,,,
StdD,,49.09,0.871,,,
%StdD,,2.9,58.2063,,,
%NonU,,6.28,119.6263,,,
CTE,,N/A,N/A,,,
,,,,,,
Date/Time:,3/12/2020 12:26,,,,,
Film name:,Oxide on Si,,,,,
Stage group:,49 pts radials,,,,,
Lot ID:,kk_0312 sel_Pre,,,,,
Wafer ID:,# 12 - Ox,,,,,
Cassette recipe name:,SemiAuto -,,,,,
Wafer recipe name:,SiO2 49 PTS 3EE focus all,,,,,
Stage recipe name:,49 pt 4X 3mm focus all,,,,,
Title:,Point#,SiO2 (Å),MSE,X(mm),Y(mm),
,1,2476.35,0.9,0,0,
,2,2465.17,1.06,0,49,
,3,2474.19,0.94,34.648,34.648,
,4,2482.29,1.04,49,0,
,5,2489.66,0.97,34.648,-34.648,
,6,2489.95,0.74,0,-49,
,7,2484.85,1.5,-34.648,-34.648,
,8,2479.01,1.28,-49,0,
,9,2467.31,0.93,-34.648,34.648,
,10,2462.46,0.55,0,98,
,11,2462.68,0.92,37.503,90.54,
,12,2470.76,1.12,69.296,69.297,
,13,2487.53,1.37,90.54,37.503,
,14,2496.56,1.56,98,0,
,15,2508.51,2.07,90.54,-37.503,
,16,2515.28,1.7,69.297,-69.296,
,17,2520.47,0.98,37.503,-90.54,
,18,2517.54,0.68,0,-98,
,19,2511.18,0.9,-37.503,-90.54,
,20,2497.01,0.95,-69.296,-69.297,
,21,2484.02,0.76,-90.54,-37.503,
,22,2472.84,1.32,-98,0,
,23,2462.98,2.92,-90.54,37.503,
,24,2461.74,2.9,-69.297,69.296,
,25,2462.24,1.69,-37.503,90.54,
,26,2445.93,0.77,0,147,
,27,2436.74,0.75,38.046,141.991,
,28,2430.02,0.9,73.5,127.306,
,29,2436.57,1.08,103.945,103.945,
,30,2465.32,1.2,127.306,73.5,
,31,2465.01,1.3,141.991,38.047,
,32,2480.13,1.25,147,0,
,33,2495.27,1.27,141.991,-38.046,
,34,2502.53,1.08,127.306,-73.5,
,35,2513.48,1.07,103.945,-103.944,
,36,2522.36,0.83,73.5,-127.306,
,37,2531.46,0.79,38.047,-141.991,
,38,2531.29,0.65,0,-147,
,39,2537.11,0.67,-38.046,-141.991,
,40,2512.64,0.7,-73.5,-127.306,
,41,2482.58,0.69,-103.944,-103.945,
,42,2454.29,0.61,-127.305,-73.5,
,43,2438.41,0.94,-141.991,-38.047,
,44,2438.97,2.08,-147,-0.001,
,45,2427.94,2.55,-141.991,38.046,
,46,2442.71,2.48,-127.306,73.499,
,47,2455.61,2.22,-103.945,103.944,
,48,2469.54,2.01,-73.501,127.305,
,49,2459.95,1.61,-38.047,141.991,
,,,,,,
Max,,2537.11,2.92,,,
Min,,2427.94,0.55,,,
Range,,109.17,2.37,,,
Mean,,2479.15,1.25,,,
StdD,,28.66,0.6022,,,
%StdD,,1.16,48.1791,,,
%NonU,,2.2,94.8,,,
CTE,,N/A,N/A,,,
,,,,,,
Date/Time:,3/12/2020 12:23,,,,,
Film name:,Oxide on Si,,,,,
Stage group:,49 pts radials,,,,,
Lot ID:,kk_0312 sel_Pre,,,,,
Wafer ID:,# 11 - Ox,,,,,
Cassette recipe name:,SemiAuto -,,,,,
Wafer recipe name:,SiO2 49 PTS 3EE focus all,,,,,
Stage recipe name:,49 pt 4X 3mm focus all,,,,,
Title:,Point#,SiO2 (Å),MSE,X(mm),Y(mm),
,1,2471.63,0.94,0,0,
,2,2477.88,1.12,0,49,
,3,2460.22,0.89,34.648,34.648,
,4,2459.12,0.9,49,0,
,5,2472.15,0.96,34.648,-34.648,
,6,2475.56,0.73,0,-49,
,7,2485.23,1.57,-34.648,-34.648,
,8,2486.36,1.23,-49,0,
,9,2479.01,0.94,-34.648,34.648,
,10,2484.11,0.6,0,98,
,11,2463.57,0.86,37.503,90.54,
,12,2459.25,1.26,69.296,69.297,
,13,2462.81,1.43,90.54,37.503,
,14,2467.5,1.63,98,0,
,15,2473.35,2.17,90.54,-37.503,
,16,2474.56,1.61,69.297,-69.296,
,17,2486.53,0.89,37.503,-90.54,
,18,2488.18,0.68,0,-98,
,19,2502.75,0.88,-37.503,-90.54,
,20,2515.24,0.98,-69.296,-69.297,
,21,2519.59,0.92,-90.54,-37.503,
,22,2515.52,1.07,-98,0,
,23,2503.66,2.69,-90.54,37.503,
,24,2493.87,2.88,-69.297,69.296,
,25,2485.25,1.78,-37.503,90.54,
,26,2452.83,0.76,0,147,
,27,2408.35,0.65,38.046,141.991,
,28,2400.66,1.08,73.5,127.306,
,29,2415.14,1.06,103.945,103.945,
,30,2449.51,1.26,127.306,73.5,
,31,2456.64,1.24,141.991,38.047,
,32,2474.75,1.35,147,0,
,33,2454.92,1.28,141.991,-38.046,
,34,2425.45,1.02,127.306,-73.5,
,35,2412.09,1.09,103.945,-103.944,
,36,2439.45,0.85,73.5,-127.306,
,37,2425.61,0.59,38.047,-141.991,
,38,2422.52,0.56,0,-147,
,39,2444.78,0.61,-38.046,-141.991,
,40,2472.07,0.61,-73.5,-127.306,
,41,2491.63,0.78,-103.944,-103.945,
,42,2492.81,0.66,-127.305,-73.5,
,43,2492.76,0.82,-141.991,-38.047,
,44,2480.07,1.97,-147,-0.001,
,45,2469.75,2.1,-141.991,38.046,
,46,2459.38,2.12,-127.306,73.499,
,47,2452.58,1.97,-103.945,103.944,
,48,2441.1,1.81,-73.501,127.305,
,49,2427.62,1.38,-38.047,141.991,
,,,,,,
Max,,2519.59,2.88,,,
Min,,2400.66,0.56,,,
Range,,118.93,2.32,,,
Mean,,2465.82,1.2088,,,
StdD,,28.59,0.552,,,
%StdD,,1.16,45.6663,,,
%NonU,,2.41,95.9649,,,
CTE,,N/A,N/A,,,
,,,,,,
Date/Time:,3/12/2020 12:21,,,,,
Film name:,Oxide on Si,,,,,
Stage group:,49 pts radials,,,,,
Lot ID:,kk_0312 sel_Pre,,,,,
Wafer ID:,# 10 - Ox,,,,,
Cassette recipe name:,SemiAuto -,,,,,
Wafer recipe name:,SiO2 49 PTS 3EE focus all,,,,,
Stage recipe name:,49 pt 4X 3mm focus all,,,,,
Title:,Point#,SiO2 (Å),MSE,X(mm),Y(mm),
,1,2490.01,0.93,0,0,
,2,2479.85,1.09,0,49,
,3,2484.39,0.87,34.648,34.648,
,4,2495.3,0.95,49,0,
,5,2504.09,1.03,34.648,-34.648,
,6,2504.13,0.71,0,-49,
,7,2498.15,1.44,-34.648,-34.648,
,8,2486.56,1.17,-49,0,
,9,2480.05,0.81,-34.648,34.648,
,10,2474.49,0.55,0,98,
,11,2472.46,0.84,37.503,90.54,
,12,2478.71,1.31,69.296,69.297,
,13,2490.42,1.34,90.54,37.503,
,14,2503.24,1.57,98,0,
,15,2515.38,2.19,90.54,-37.503,
,16,2521.39,1.72,69.297,-69.296,
,17,2524.12,0.93,37.503,-90.54,
,18,2523.95,0.69,0,-98,
,19,2522.98,0.89,-37.503,-90.54,
,20,2508.81,1.01,-69.296,-69.297,
,21,2486.56,0.71,-90.54,-37.503,
,22,2472.86,1.2,-98,0,
,23,2466.21,2.97,-90.54,37.503,
,24,2468.95,2.97,-69.297,69.296,
,25,2472.77,1.73,-37.503,90.54,
,26,2445.11,0.86,0,147,
,27,2448.73,0.73,38.046,141.991,
,28,2446.36,1.09,73.5,127.306,
,29,2450.38,1.11,103.945,103.945,
,30,2472.27,1.21,127.306,73.5,
,31,2477.4,1.43,141.991,38.047,
,32,2495.16,1.39,147,0,
,33,2510.44,1.39,141.991,-38.046,
,34,2520.11,1.71,127.306,-73.5,
,35,2534.08,1.17,103.945,-103.944,
,36,2537.22,0.97,73.5,-127.306,
,37,2544.63,0.78,38.047,-141.991,
,38,2544.95,0.64,0,-147,
,39,2547.52,0.69,-38.046,-141.991,
,40,2546.19,0.66,-73.5,-127.306,
,41,2522.2,0.83,-103.944,-103.945,
,42,2479.77,0.61,-127.305,-73.5,
,43,2447.78,0.96,-141.991,-38.047,
,44,2448.49,2.01,-147,-0.001,
,45,2436.33,2.48,-141.991,38.046,
,46,2451,2.48,-127.306,73.499,
,47,2460.6,2.29,-103.945,103.944,
,48,2468.2,1.99,-73.501,127.305,
,49,2463.95,1.51,-38.047,141.991,
,,,,,,
Max,,2547.52,2.97,,,
Min,,2436.33,0.55,,,
Range,,111.19,2.42,,,
Mean,,2490.3,1.2778,,,
StdD,,30.72,0.6104,,,
%StdD,,1.23,47.7713,,,
%NonU,,2.23,94.6973,,,
CTE,,N/A,N/A,,,
,,,,,,
Date/Time:,3/12/2020 12:18,,,,,
Film name:,Oxide on Si,,,,,
Stage group:,49 pts radials,,,,,
Lot ID:,kk_0312 sel_Pre,,,,,
Wafer ID:,# 09 - Ox,,,,,
Cassette recipe name:,SemiAuto -,,,,,
Wafer recipe name:,SiO2 49 PTS 3EE focus all,,,,,
Stage recipe name:,49 pt 4X 3mm focus all,,,,,
Title:,Point#,SiO2 (Å),MSE,X(mm),Y(mm),
,1,2486.38,0.86,0,0,
,2,2475.81,1.03,0,49,
,3,2481.31,0.93,34.648,34.648,
,4,2491.67,0.97,49,0,
,5,2500.55,0.94,34.648,-34.648,
,6,2506.42,0.68,0,-49,
,7,2504.04,1.35,-34.648,-34.648,
,8,2484.61,1.13,-49,0,
,9,2477.45,0.99,-34.648,34.648,
,10,2471.22,0.58,0,98,
,11,2470.22,0.99,37.503,90.54,
,12,2476.67,1.38,69.296,69.297,
,13,2488.79,1.29,90.54,37.503,
,14,2501.14,1.68,98,0,
,15,2512.61,1.97,90.54,-37.503,
,16,2519.4,1.63,69.297,-69.296,
,17,2524.26,0.92,37.503,-90.54,
,18,2559.62,0.71,0,-98,
,19,2579.18,1.05,-37.503,-90.54,
,20,2508.98,1.01,-69.296,-69.297,
,21,2486.26,0.72,-90.54,-37.503,
,22,2475.12,1.19,-98,0,
,23,2466.4,2.91,-90.54,37.503,
,24,2467.26,3.08,-69.297,69.296,
,25,2470.1,1.83,-37.503,90.54,
,26,2446.44,0.93,0,147,
,27,2448.21,0.73,38.046,141.991,
,28,2445.38,1.1,73.5,127.306,
,29,2449.35,1.07,103.945,103.945,
,30,2473.8,1.15,127.306,73.5,
,31,2477.36,1.33,141.991,38.047,
,32,2494.41,1.34,147,0,
,33,2509.94,1.32,141.991,-38.046,
,34,2517.06,1.18,127.306,-73.5,
,35,2532.44,1.07,103.945,-103.944,
,36,2537.12,0.95,73.5,-127.306,
,37,2545.04,0.94,38.047,-141.991,
,38,2545.5,0.68,0,-147,
,39,2553.45,0.73,-38.046,-141.991,
,40,2537.59,0.67,-73.5,-127.306,
,41,2509.17,0.71,-103.944,-103.945,
,42,2476.07,0.63,-127.305,-73.5,
,43,2448.47,0.92,-141.991,-38.047,
,44,2446.97,2.04,-147,-0.001,
,45,2437.25,2.35,-141.991,38.046,
,46,2451.63,2.49,-127.306,73.499,
,47,2461.73,2.39,-103.945,103.944,
,48,2465.18,2.15,-73.501,127.305,
,49,2464.39,1.53,-38.047,141.991,
,,,,,,
Max,,2579.18,3.08,,,
Min,,2437.25,0.58,,,
Range,,141.93,2.5,,,
Mean,,2491.01,1.2698,,,
StdD,,33.92,0.6027,,,
%StdD,,1.36,47.4674,,,
%NonU,,2.85,98.441,,,
CTE,,N/A,N/A,,,
,,,,,,
Date/Time:,3/12/2020 11:51,,,,,
Film name:,SIN ON 1K FIX OX RC,,,,,
Stage group:,49 pts radial,,,,,
Lot ID:,kk_0312 sel_Pre,,,,,
Wafer ID:,# 18 - SiN,,,,,
Cassette recipe name:,SemiAuto -,,,,,
Wafer recipe name:,Nitride on 1kA Fix Ox 49pt 3mm,,,,,
Stage recipe name:,49 pt 12 in 4x Notch 3mm ex,,,,,
Title:,Point#,SiO2 (Å),Si3N4 (Å),MSE,X(mm),Y(mm)
,1,1000,2927.54,0.0042,0,0
,2,1000,2956.09,0.0049,0,49
,3,1000,2955.28,0.0045,34.648,34.648
,4,1000,2947.83,0.0047,49,0
,5,1000,2940.6,0.0047,34.648,-34.648
,6,1000,2939.47,0.0043,0,-49
,7,1000,2943.93,0.0061,-34.648,-34.648
,8,1000,2949.51,0.0051,-49,0
,9,1000,2952.39,0.0044,-34.648,34.648
,10,1000,3030.53,0.0026,0,98
,11,1000,3034.94,0.0044,37.503,90.54
,12,1000,3032.06,0.0059,69.296,69.297
,13,1000,3022.96,0.0062,90.54,37.503
,14,1000,3011.36,0.0072,98,0
,15,1000,3001.12,0.0092,90.54,-37.503
,16,1000,2994.33,0.0078,69.297,-69.296
,17,1000,2990.96,0.0057,37.503,-90.54
,18,1000,2991.32,0.0048,0,-98
,19,1000,2994.99,0.0053,-37.503,-90.54
,20,1000,3001.31,0.0054,-69.296,-69.297
,21,1000,3009.42,0.0046,-90.54,-37.503
,22,1000,3015.14,0.0014,-98,0
,23,1000,3011.61,0.0006,-90.54,37.503
,24,1000,3013.49,0.0007,-69.297,69.296
,25,1000,3016.41,0.0005,-37.503,90.54
,26,1000,3131.76,0.0021,0,147
,27,1000,3100.95,0.0036,38.046,141.991
,28,1000,3092.91,0.005,73.5,127.306
,29,1000,3088.18,0.0058,103.945,103.945
,30,1000,3079.89,0.0062,127.306,73.5
,31,1000,3065.28,0.0063,141.991,38.047
,32,1000,3050.78,0.0065,147,0
,33,1000,3037.38,0.0063,141.991,-38.046
,34,1000,3030.26,0.0058,127.306,-73.5
,35,1000,3029.49,0.0063,103.945,-103.944
,36,1000,3031.33,0.0062,73.5,-127.306
,37,1000,3034.51,0.0074,38.047,-141.991
,38,1000,3034.9,0.0065,0,-147
,39,1000,3038.76,0.0059,-38.046,-141.991
,40,1000,3040.45,0.0054,-73.5,-127.306
,41,1000,3044.39,0.005,-103.944,-103.945
,42,1000,3050.67,0.0044,-127.305,-73.5
,43,1000,3073.32,0.0023,-141.991,-38.047
,44,1000,3097.63,0.001,-147,-0.001
,45,1000,3075.54,0.0004,-141.991,38.046
,46,1000,3079.23,0.0004,-127.306,73.499
,47,1000,3135.62,0.0008,-103.945,103.944
,48,1000,3054.57,0.0005,-73.501,127.305
,49,1000,3110.91,0.0008,-38.047,141.991
,,,,,,
Max,,1000,3135.62,0.0092,,
Min,,1000,2927.54,0.0004,,
Range,,0,208.08,0.0088,,
Mean,,1000,3026.39,0.0044,,
StdD,,0,52.02,0.0023,,
%StdD,,0,1.72,51.6033,,
%NonU,,0,3.44,99.8799,,
CTE,,N/A,N/A,N/A,,
,,,,,,
Date/Time:,3/12/2020 11:49,,,,,
Film name:,SIN ON 1K FIX OX RC,,,,,
Stage group:,49 pts radial,,,,,
Lot ID:,kk_0312 sel_Pre,,,,,
Wafer ID:,# 17 - SiN,,,,,
Cassette recipe name:,SemiAuto -,,,,,
Wafer recipe name:,Nitride on 1kA Fix Ox 49pt 3mm,,,,,
Stage recipe name:,49 pt 12 in 4x Notch 3mm ex,,,,,
Title:,Point#,SiO2 (Å),Si3N4 (Å),MSE,X(mm),Y(mm)
,1,1000,2856.09,0.0042,0,0
,2,1000,2874.65,0.0045,0,49
,3,1000,2887.92,0.004,34.648,34.648
,4,1000,2892.86,0.0046,49,0
,5,1000,2889.33,0.0047,34.648,-34.648
,6,1000,2882.68,0.0039,0,-49
,7,1000,2870.68,0.0059,-34.648,-34.648
,8,1000,2861.4,0.005,-49,0
,9,1000,2863,0.0042,-34.648,34.648
,10,1000,2940.05,0.0026,0,98
,11,1000,2956.45,0.004,37.503,90.54
,12,1000,2970.7,0.0056,69.296,69.297
,13,1000,2978.75,0.0057,90.54,37.503
,14,1000,2977.51,0.0069,98,0
,15,1000,2964.56,0.0085,90.54,-37.503
,16,1000,2960.33,0.0072,69.297,-69.296
,17,1000,2957.02,0.0049,37.503,-90.54
,18,1000,2955.75,0.0042,0,-98
,19,1000,2943.58,0.0045,-37.503,-90.54
,20,1000,2928.95,0.0048,-69.296,-69.297
,21,1000,2917.83,0.0043,-90.54,-37.503
,22,1000,2907,0.0011,-98,0
,23,1000,2906.39,0.0006,-90.54,37.503
,24,1000,2913.12,0.0005,-69.297,69.296
,25,1000,2924.86,0.0005,-37.503,90.54
,26,1000,3029.57,0.0016,0,147
,27,1000,3046.49,0.0035,38.046,141.991
,28,1000,3064.2,0.0048,73.5,127.306
,29,1000,3082.19,0.0059,103.945,103.945
,30,1000,3093.16,0.0059,127.306,73.5
,31,1000,3099.34,0.0059,141.991,38.047
,32,1000,3091.37,0.0062,147,0
,33,1000,3109.13,0.0064,141.991,-38.046
,34,1000,3028.62,0.0051,127.306,-73.5
,35,1000,3107.93,0.0066,103.945,-103.944
,36,1000,3074.55,0.0066,73.5,-127.306
,37,1000,3054.84,0.0068,38.047,-141.991
,38,1000,3095.36,0.0077,0,-147
,39,1000,3043.61,0.0058,-38.046,-141.991
,40,1000,3031.13,0.0052,-73.5,-127.306
,41,1000,3014.23,0.0047,-103.944,-103.945
,42,1000,3002.44,0.0042,-127.305,-73.5
,43,1000,2992.83,0.002,-141.991,-38.047
,44,1000,2986.76,0.0006,-147,-0.001
,45,1000,2978.3,0.0003,-141.991,38.046
,46,1000,2980.7,0.0003,-127.306,73.499
,47,1000,2988.82,0.0003,-103.945,103.944
,48,1000,3001.49,0.0005,-73.501,127.305
,49,1000,3011.09,0.0006,-38.047,141.991
,,,,,,
Max,,1000,3109.13,0.0085,,
Min,,1000,2856.09,0.0003,,
Range,,0,253.04,0.0082,,
Mean,,1000,2979.38,0.0042,,
StdD,,0,74.6,0.0023,,
%StdD,,0,2.5,54.2763,,
%NonU,,0,4.25,97.7252,,
CTE,,N/A,N/A,N/A,,
,,,,,,
Date/Time:,3/12/2020 11:46,,,,,
Film name:,SIN ON 1K FIX OX RC,,,,,
Stage group:,49 pts radial,,,,,
Lot ID:,kk_0312 sel_Pre,,,,,
Wafer ID:,# 16 - SiN,,,,,
Cassette recipe name:,SemiAuto -,,,,,
Wafer recipe name:,Nitride on 1kA Fix Ox 49pt 3mm,,,,,
Stage recipe name:,49 pt 12 in 4x Notch 3mm ex,,,,,
Title:,Point#,SiO2 (Å),Si3N4 (Å),MSE,X(mm),Y(mm)
,1,1000,2830.84,0.0041,0,0
,2,1000,2860.06,0.0049,0,49
,3,1000,2868.53,0.0045,34.648,34.648
,4,1000,2868.64,0.0046,49,0
,5,1000,2861.34,0.0048,34.648,-34.648
,6,1000,2851.62,0.0042,0,-49
,7,1000,2843.63,0.006,-34.648,-34.648
,8,1000,2843.14,0.0052,-49,0
,9,1000,2850.41,0.0047,-34.648,34.648
,10,1000,2941.21,0.0028,0,98
,11,1000,2952.22,0.0041,37.503,90.54
,12,1000,2958.71,0.0055,69.296,69.297
,13,1000,2964.24,0.006,90.54,37.503
,14,1000,2957.74,0.0076,98,0
,15,1000,2948.56,0.0098,90.54,-37.503
,16,1000,2942.4,0.0076,69.297,-69.296
,17,1000,2936.78,0.0057,37.503,-90.54
,18,1000,2928.13,0.0049,0,-98
,19,1000,2919.41,0.0052,-37.503,-90.54
,20,1000,2912.7,0.0052,-69.296,-69.297
,21,1000,2911.12,0.0044,-90.54,-37.503
,22,1000,2915.33,0.0019,-98,0
,23,1000,2922.96,0.0007,-90.54,37.503
,24,1000,2930.97,0.0007,-69.297,69.296
,25,1000,2938.39,0.0012,-37.503,90.54
,26,1000,3052.41,0.0017,0,147
,27,1000,3077.71,0.0035,38.046,141.991
,28,1000,3130.45,0.0055,73.5,127.306
,29,1000,3042.41,0.0054,103.945,103.945
,30,1000,3124.56,0.0074,127.306,73.5
,31,1000,3099.87,0.0114,141.991,38.047
,32,1000,3075,0.0081,147,0
,33,1000,3055.03,0.0093,141.991,-38.046
,34,1000,3051.71,0.009,127.306,-73.5
,35,1000,3059.75,0.0091,103.945,-103.944
,36,1000,3060.46,0.0097,73.5,-127.306
,37,1000,3051.76,0.0088,38.047,-141.991
,38,1000,3043.23,0.0083,0,-147
,39,1000,3034.7,0.0088,-38.046,-141.991
,40,1000,3034.64,0.0136,-73.5,-127.306
,41,1000,3010.39,0.0063,-103.944,-103.945
,42,1000,2997.16,0.0041,-127.305,-73.5
,43,1000,2998.63,0.0021,-141.991,-38.047
,44,1000,3004.09,0.0007,-147,-0.001
,45,1000,3010.24,0.0005,-141.991,38.046
,46,1000,3019.86,0.0005,-127.306,73.499
,47,1000,3027.53,0.0003,-103.945,103.944
,48,1000,3051.89,0.0004,-73.501,127.305
,49,1000,3073.86,0.0007,-38.047,141.991
,,,,,,
Max,,1000,3130.45,0.0136,,
Min,,1000,2830.84,0.0003,,
Range,,0,299.6,0.0133,,
Mean,,1000,2976.46,0.0051,,
StdD,,0,82.37,0.0032,,
%StdD,,0,2.77,62.5005,,
%NonU,,0,5.03,129.2709,,
CTE,,N/A,N/A,N/A,,
,,,,,,
Date/Time:,3/12/2020 11:44,,,,,
Film name:,SIN ON 1K FIX OX RC,,,,,
Stage group:,49 pts radial,,,,,
Lot ID:,kk_0312 sel_Pre,,,,,
Wafer ID:,# 15 - SiN,,,,,
Cassette recipe name:,SemiAuto -,,,,,
Wafer recipe name:,Nitride on 1kA Fix Ox 49pt 3mm,,,,,
Stage recipe name:,49 pt 12 in 4x Notch 3mm ex,,,,,
Title:,Point#,SiO2 (Å),Si3N4 (Å),MSE,X(mm),Y(mm)
,1,1000,2968.12,0.0045,0,0
,2,1000,2991.23,0.0047,0,49
,3,1000,2988.15,0.0044,34.648,34.648
,4,1000,2980.79,0.005,49,0
,5,1000,2975.93,0.0052,34.648,-34.648
,6,1000,2977.42,0.0042,0,-49
,7,1000,2983.92,0.0065,-34.648,-34.648
,8,1000,2990.18,0.0054,-49,0
,9,1000,2991.4,0.0044,-34.648,34.648
,10,1000,3049.12,0.0029,0,98
,11,1000,3052.09,0.0045,37.503,90.54
,12,1000,3048.4,0.0059,69.296,69.297
,13,1000,3039.89,0.0062,90.54,37.503
,14,1000,3029.56,0.0074,98,0
,15,1000,3021.4,0.0093,90.54,-37.503
,16,1000,3017.52,0.0078,69.297,-69.296
,17,1000,3017.76,0.0056,37.503,-90.54
,18,1000,3020.08,0.0048,0,-98
,19,1000,3025.46,0.0055,-37.503,-90.54
,20,1000,3032.1,0.0056,-69.296,-69.297
,21,1000,3040.52,0.0045,-90.54,-37.503
,22,1000,3047.82,0.0016,-98,0
,23,1000,3044.82,0.0007,-90.54,37.503
,24,1000,3043.38,0.0007,-69.297,69.296
,25,1000,3040.44,0.0006,-37.503,90.54
,26,1000,3114.4,0.002,0,147
,27,1000,3099.33,0.0034,38.046,141.991
,28,1000,3077.92,0.0048,73.5,127.306
,29,1000,3070.3,0.0055,103.945,103.945
,30,1000,3067.79,0.0057,127.306,73.5
,31,1000,3056.08,0.0056,141.991,38.047
,32,1000,3046.2,0.006,147,0
,33,1000,3036.56,0.0058,141.991,-38.046
,34,1000,3033.3,0.005,127.306,-73.5
,35,1000,3036.63,0.0055,103.945,-103.944
,36,1000,3042.41,0.0062,73.5,-127.306
,37,1000,3053.75,0.0085,38.047,-141.991
,38,1000,3055.22,0.0065,0,-147
,39,1000,3060.33,0.0059,-38.046,-141.991
,40,1000,3063.11,0.0056,-73.5,-127.306
,41,1000,3063.31,0.0055,-103.944,-103.945
,42,1000,3067.93,0.005,-127.305,-73.5
,43,1000,3081.22,0.0024,-141.991,-38.047
,44,1000,3112.42,0.0011,-147,-0.001
,45,1000,3117.58,0.0006,-141.991,38.046
,46,1000,3066.36,0.0004,-127.306,73.499
,47,1000,3141.13,0.0007,-103.945,103.944
,48,1000,3093.02,0.0006,-73.501,127.305
,49,1000,3074.5,0.0007,-38.047,141.991
,,,,,,
Max,,1000,3141.13,0.0093,,
Min,,1000,2968.12,0.0004,,
Range,,0,173.01,0.0089,,
Mean,,1000,3043.84,0.0044,,
StdD,,0,39.44,0.0023,,
%StdD,,0,1.3,51.2391,,
%NonU,,0,2.84,100.9995,,
CTE,,N/A,N/A,N/A,,
,,,,,,
Date/Time:,3/12/2020 11:41,,,,,
Film name:,Oxide on Si,,,,,
Stage group:,49 pts radials,,,,,
Lot ID:,kk_0312 sel_Pre,,,,,
Wafer ID:,# 13 - Ox,,,,,
Cassette recipe name:,SemiAuto -,,,,,
Wafer recipe name:,SiO2 49 PTS 3EE focus all,,,,,
Stage recipe name:,49 pt 4X 3mm focus all,,,,,
Title:,Point#,SiO2 (Å),MSE,X(mm),Y(mm),
,1,2483.87,1.16,0,0,
,2,2472.06,1.11,0,49,
,3,2478.59,0.92,34.648,34.648,
,4,2488.77,1.05,49,0,
,5,2496.55,0.83,34.648,-34.648,
,6,2503.44,0.83,0,-49,
,7,2496.85,1.55,-34.648,-34.648,
,8,2482.81,1.14,-49,0,
,9,2473.7,0.92,-34.648,34.648,
,10,2467.95,0.55,0,98,
,11,2467.31,0.86,37.503,90.54,
,12,2475.18,1.33,69.296,69.297,
,13,2488.74,1.36,90.54,37.503,
,14,2499.39,1.4,98,0,
,15,2511.67,2.05,90.54,-37.503,
,16,2518.25,1.57,69.297,-69.296,
,17,2523.81,0.94,37.503,-90.54,
,18,2528.91,0.69,0,-98,
,19,2535.91,0.81,-37.503,-90.54,
,20,2514.18,0.88,-69.296,-69.297,
,21,2487.3,0.73,-90.54,-37.503,
,22,2473.64,1.25,-98,0,
,23,2465.11,2.86,-90.54,37.503,
,24,2465.75,2.94,-69.297,69.296,
,25,2467.42,1.77,-37.503,90.54,
,26,2448.19,0.91,0,147,
,27,2446.05,0.65,38.046,141.991,
,28,2441.99,1.08,73.5,127.306,
,29,2446.69,1.1,103.945,103.945,
,30,2470.54,1.02,127.306,73.5,
,31,2475.47,1.26,141.991,38.047,
,32,2492.43,1.46,147,0,
,33,2507.53,1.4,141.991,-38.046,
,34,2514.74,1.17,127.306,-73.5,
,35,2526.88,0.97,103.945,-103.944,
,36,2534.31,0.92,73.5,-127.306,
,37,2542.57,0.75,38.047,-141.991,
,38,2543.28,0.67,0,-147,
,39,2549.36,0.65,-38.046,-141.991,
,40,2528.51,0.67,-73.5,-127.306,
,41,2499.4,0.72,-103.944,-103.945,
,42,2470.15,0.68,-127.305,-73.5,
,43,2446.53,0.94,-141.991,-38.047,
,44,2447.83,1.98,-147,-0.001,
,45,2436.21,2.37,-141.991,38.046,
,46,2450.35,2.49,-127.306,73.499,
,47,2464.71,2.36,-103.945,103.944,
,48,2470.56,2,-73.501,127.305,
,49,2464.16,1.64,-38.047,141.991,
,,,,,,
Max,,2549.36,2.94,,,
Min,,2436.21,0.55,,,
Range,,113.15,2.39,,,
Mean,,2487.46,1.2522,,,
StdD,,30.38,0.595,,,
%StdD,,1.22,47.5122,,,
%NonU,,2.27,95.4286,,,
CTE,,N/A,N/A,,,
,,,,,,
Date/Time:,3/12/2020 11:26,,,,,
Film name:,Poly on 1000A Oxide,,,,,
Stage group:,49 pts radial,,,,,
Lot ID:,kk_0312 Sel_pre,,,,,
Wafer ID:,# 25 - Poly,,,,,
Cassette recipe name:,SemiAuto -,,,,,
Wafer recipe name:,POLY ON 1K OXIDE 49PT 3mmEE,,,,,
Stage recipe name:,49 pt 12 in 4x Notch 3mm ex,,,,,
Title:,Point#,SiO2 (Å),Poly (Å),MSE,X(mm),Y(mm)
,1,1000,5127,26.09,0,0
,2,1000,5138.66,26.25,0,49
,3,1000,5127.19,26.3,34.648,34.648
,4,1000,5125.51,26.08,49,0
,5,1000,5143.52,25.74,34.648,-34.648
,6,1000,5146.49,25.47,0,-49
,7,1000,5128.64,25.93,-34.648,-34.648
,8,1000,5123.72,26.1,-49,0
,9,1000,5142.24,27.17,-34.648,34.648
,10,1000,5180.15,26.03,0,98
,11,1000,5157.77,26.2,37.503,90.54
,12,1000,5131.97,26.32,69.296,69.297
,13,1000,5114.21,26.26,90.54,37.503
,14,1000,5115.5,25.85,98,0
,15,1000,5138.97,25.36,90.54,-37.503
,16,1000,5178.28,25.07,69.297,-69.296
,17,1000,5211.25,25.15,37.503,-90.54
,18,1000,5197.11,24.94,0,-98
,19,1000,5166.67,25.37,-37.503,-90.54
,20,1000,5132.59,25.71,-69.296,-69.297
,21,1000,5112.17,25.84,-90.54,-37.503
,22,1000,5118.44,26.35,-98,0
,23,1000,5143.42,26.57,-90.54,37.503
,24,1000,5172.25,26.22,-69.297,69.296
,25,1000,5187.26,26.27,-37.503,90.54
,26,1000,5209.45,25.28,0,147
,27,1000,5180.87,25.12,38.046,141.991
,28,1000,5144.87,25.38,73.5,127.306
,29,1000,5109.46,25.16,103.945,103.945
,30,1000,5080.92,24.94,127.306,73.5
,31,1000,5068.51,24.66,141.991,38.047
,32,1000,5076.09,24.48,147,0
,33,1000,5105.83,25.65,141.991,-38.046
,34,1000,5158.51,24.86,127.306,-73.5
,35,1000,5195.57,24.71,103.945,-103.944
,36,1000,5310.67,26.33,73.5,-127.306
,37,1000,5334.53,26.71,38.047,-141.991
,38,1000,5234.74,25.08,0,-147
,39,1000,5234.58,24.81,-38.046,-141.991
,40,1000,5152.11,25.58,-73.5,-127.306
,41,1000,5120.88,24.94,-103.944,-103.945
,42,1000,5083.86,24.69,-127.305,-73.5
,43,1000,5073.42,24.79,-141.991,-38.047
,44,1000,5089.82,25.21,-147,-0.001
,45,1000,5121.21,25.63,-141.991,38.046
,46,1000,5161.05,25.45,-127.306,73.499
,47,1000,5196.6,25.17,-103.945,103.944
,48,1000,5218.22,25.21,-73.501,127.305
,49,1000,5220.61,25.42,-38.047,141.991
,,,,,,
Max,,1000,5334.53,27.17,,
Min,,1000,5068.51,24.48,,
Range,,0,266.02,2.69,,
Mean,,1000,5153.95,25.5898,,
StdD,,0,55.28,0.6267,,
%StdD,,0,1.07,2.4489,,
%NonU,,0,2.58,5.256,,
CTE,,N/A,N/A,N/A,,
,,,,,,
Date/Time:,3/12/2020 11:24,,,,,
Film name:,Poly on 1000A Oxide,,,,,
Stage group:,49 pts radial,,,,,
Lot ID:,kk_0312 Sel_pre,,,,,
Wafer ID:,# 24 - Poly,,,,,
Cassette recipe name:,SemiAuto -,,,,,
Wafer recipe name:,POLY ON 1K OXIDE 49PT 3mmEE,,,,,
Stage recipe name:,49 pt 12 in 4x Notch 3mm ex,,,,,
Title:,Point#,SiO2 (Å),Poly (Å),MSE,X(mm),Y(mm)
,1,1000,5071.49,34.96,0,0
,2,1000,5058.1,34.45,0,49
,3,1000,5090.39,34.4,34.648,34.648
,4,1000,5108.43,33.9,49,0
,5,1000,5094.25,34.48,34.648,-34.648
,6,1000,5082.11,35.28,0,-49
,7,1000,5085.36,35.65,-34.648,-34.648
,8,1000,5077.63,35.86,-49,0
,9,1000,5058.23,35.26,-34.648,34.648
,10,1000,5039.04,34.78,0,98
,11,1000,5078.52,34.41,37.503,90.54
,12,1000,5132.4,33.3,69.296,69.297
,13,1000,5177.58,31.77,90.54,37.503
,14,1000,5188.99,31.79,98,0
,15,1000,5153.04,32.94,90.54,-37.503
,16,1000,5114.99,34.33,69.297,-69.296
,17,1000,5094.59,35.52,37.503,-90.54
,18,1000,5095.08,36.42,0,-98
,19,1000,5109.88,36.79,-37.503,-90.54
,20,1000,5127.82,36.41,-69.296,-69.297
,21,1000,5134.84,36.6,-90.54,-37.503
,22,1000,5123.04,37.06,-98,0
,23,1000,5091.9,37.18,-90.54,37.503
,24,1000,5055.99,36.65,-69.297,69.296
,25,1000,5034.37,35.83,-37.503,90.54
,26,1000,4962.73,31.63,0,147
,27,1000,5012.66,32.62,38.046,141.991
,28,1000,5082.76,33.27,73.5,127.306
,29,1000,5186.89,31.62,103.945,103.945
,30,1000,5217.15,31.56,127.306,73.5
,31,1000,5320.04,32.75,141.991,38.047
,32,1000,5361.83,32.76,147,0
,33,1000,5201.26,32.33,141.991,-38.046
,34,1000,5146.39,32.04,127.306,-73.5
,35,1000,5116.87,34.3,103.945,-103.944
,36,1000,5056.64,34.17,73.5,-127.306
,37,1000,5041.21,34.43,38.047,-141.991
,38,1000,5055.66,35.48,0,-147
,39,1000,5076.33,36.01,-38.046,-141.991
,40,1000,5105.42,36.76,-73.5,-127.306
,41,1000,5131.37,37.09,-103.944,-103.945
,42,1000,5149.41,36.47,-127.305,-73.5
,43,1000,5148.19,36.64,-141.991,-38.047
,44,1000,5135.27,36.92,-147,-0.001
,45,1000,5103.17,37.01,-141.991,38.046
,46,1000,5061.81,36.55,-127.306,73.499
,47,1000,5008.84,35.07,-103.945,103.944
,48,1000,4968.54,33.14,-73.501,127.305
,49,1000,4950.55,32.09,-38.047,141.991
,,,,,,
Max,,1000,5361.83,37.18,,
Min,,1000,4950.55,31.56,,
Range,,0,411.28,5.62,,
Mean,,1000,5103.65,34.668,,
StdD,,0,76.11,1.8004,,
%StdD,,0,1.49,5.1932,,
%NonU,,0,4.03,8.1055,,
CTE,,N/A,N/A,N/A,,
,,,,,,
Date/Time:,3/12/2020 11:22,,,,,
Film name:,Poly on 1000A Oxide,,,,,
Stage group:,49 pts radial,,,,,
Lot ID:,kk_0312 Sel_pre,,,,,
Wafer ID:,# 23 - Poly,,,,,
Cassette recipe name:,SemiAuto -,,,,,
Wafer recipe name:,POLY ON 1K OXIDE 49PT 3mmEE,,,,,
Stage recipe name:,49 pt 12 in 4x Notch 3mm ex,,,,,
Title:,Point#,SiO2 (Å),Poly (Å),MSE,X(mm),Y(mm)
,1,1000,5079.48,35.96,0,0
,2,1000,5097.76,36.32,0,49
,3,1000,5100.14,37.29,34.648,34.648
,4,1000,5088.52,37.04,49,0
,5,1000,5068.49,36.6,34.648,-34.648
,6,1000,5066.88,35.98,0,-49
,7,1000,5096.93,35.13,-34.648,-34.648
,8,1000,5120.26,34.66,-49,0
,9,1000,5109.93,35.15,-34.648,34.648
,10,1000,5118.63,37.35,0,98
,11,1000,5130.29,37.44,37.503,90.54
,12,1000,5146.42,37.5,69.296,69.297
,13,1000,5154.53,37.23,90.54,37.503
,14,1000,5143.6,37.25,98,0
,15,1000,5115.41,37.74,90.54,-37.503
,16,1000,5073.4,37.47,69.297,-69.296
,17,1000,5044.13,36.72,37.503,-90.54
,18,1000,5046.04,36.32,0,-98
,19,1000,5082.98,35.92,-37.503,-90.54
,20,1000,5140.96,34.52,-69.296,-69.297
,21,1000,5190.69,32.74,-90.54,-37.503
,22,1000,5212.35,32.72,-98,0
,23,1000,5179.21,33.48,-90.54,37.503
,24,1000,5143.42,35.28,-69.297,69.296
,25,1000,5119.26,36.57,-37.503,90.54
,26,1000,5080,37.02,0,147
,27,1000,5101.73,37.54,38.046,141.991
,28,1000,5132.53,38.01,73.5,127.306
,29,1000,5165.47,37.93,103.945,103.945
,30,1000,5174.37,37.8,127.306,73.5
,31,1000,5181.62,37.9,141.991,38.047
,32,1000,5170.49,38.2,147,0
,33,1000,5141.03,38.5,141.991,-38.046
,34,1000,5094.35,38.72,127.306,-73.5
,35,1000,5037.04,37.57,103.945,-103.944
,36,1000,4984.64,35.58,73.5,-127.306
,37,1000,4954.34,33.99,38.047,-141.991
,38,1000,4965.83,33.64,0,-147
,39,1000,5007.4,33.91,-38.046,-141.991
,40,1000,5081.54,34.55,-73.5,-127.306
,41,1000,5199.49,32.62,-103.944,-103.945
,42,1000,5242.12,32.26,-127.305,-73.5
,43,1000,5328.6,34.1,-141.991,-38.047
,44,1000,5419.8,33.89,-147,-0.001
,45,1000,5082.57,37.89,-141.991,38.046
,46,1000,5190.18,33.05,-127.306,73.499
,47,1000,5156.78,34.63,-103.945,103.944
,48,1000,5091.14,35.95,-73.501,127.305
,49,1000,5073.96,36.51,-38.047,141.991
,,,,,,
Max,,1000,5419.8,38.72,,
Min,,1000,4954.34,32.26,,
Range,,0,465.46,6.46,,
Mean,,1000,5120.95,35.962,,
StdD,,0,81.05,1.799,,
%StdD,,0,1.58,5.0025,,
%NonU,,0,4.54,8.9817,,
CTE,,N/A,N/A,N/A,,
,,,,,,
Date/Time:,3/12/2020 11:19,,,,,
Film name:,Poly on 1000A Oxide,,,,,
Stage group:,49 pts radial,,,,,
Lot ID:,kk_0312 Sel_pre,,,,,
Wafer ID:,# 22 - Poly,,,,,
Cassette recipe name:,SemiAuto -,,,,,
Wafer recipe name:,POLY ON 1K OXIDE 49PT 3mmEE,,,,,
Stage recipe name:,49 pt 12 in 4x Notch 3mm ex,,,,,
Title:,Point#,SiO2 (Å),Poly (Å),MSE,X(mm),Y(mm)
,1,1000,5049.73,27.22,0,0
,2,1000,5076.57,27.12,0,49
,3,1000,5054.61,27.22,34.648,34.648
,4,1000,5051.3,27.68,49,0
,5,1000,5056.85,27.94,34.648,-34.648
,6,1000,5049.33,27.71,0,-49
,7,1000,5039.9,27.34,-34.648,-34.648
,8,1000,5055,26.95,-49,0
,9,1000,5083.73,27.19,-34.648,34.648
,10,1000,5117.9,26.74,0,98
,11,1000,5069.8,27.05,37.503,90.54
,12,1000,5045.04,26.82,69.296,69.297
,13,1000,5045.48,27.26,90.54,37.503
,14,1000,5063.17,28.03,98,0
,15,1000,5086.6,28.4,90.54,-37.503
,16,1000,5102.02,28.39,69.297,-69.296
,17,1000,5099.21,28.6,37.503,-90.54
,18,1000,5076.26,28.32,0,-98
,19,1000,5045.18,27.57,-37.503,-90.54
,20,1000,5022.46,27.02,-69.296,-69.297
,21,1000,5026.13,26.99,-90.54,-37.503
,22,1000,5058.21,27.12,-98,0
,23,1000,5106.99,27.11,-90.54,37.503
,24,1000,5155.1,26.72,-69.297,69.296
,25,1000,5167.46,26.24,-37.503,90.54
,26,1000,5131.55,26.35,0,147
,27,1000,5077.49,25.82,38.046,141.991
,28,1000,5028.99,25.35,73.5,127.306
,29,1000,5005.22,24.9,103.945,103.945
,30,1000,5008.03,25.06,127.306,73.5
,31,1000,5028.38,25.76,141.991,38.047
,32,1000,5058.25,26.49,147,0
,33,1000,5094.9,27.14,141.991,-38.046
,34,1000,5124.1,27.22,127.306,-73.5
,35,1000,5144.66,27.02,103.945,-103.944
,36,1000,5147.2,27,73.5,-127.306
,37,1000,5134.14,27.24,38.047,-141.991
,38,1000,5108.75,27.23,0,-147
,39,1000,5058.71,26.64,-38.046,-141.991
,40,1000,5016.82,25.57,-73.5,-127.306
,41,1000,4987.3,24.43,-103.944,-103.945
,42,1000,4987.53,24.46,-127.305,-73.5
,43,1000,5004.06,25,-141.991,-38.047
,44,1000,5053.24,25.85,-147,-0.001
,45,1000,5123.04,26.12,-141.991,38.046
,46,1000,5183.66,25.63,-127.306,73.499
,47,1000,5190.08,27.04,-103.945,103.944
,48,1000,5412.15,27.8,-73.501,127.305
,49,1000,5269.97,26.54,-38.047,141.991
,,,,,,
Max,,1000,5412.15,28.6,,
Min,,1000,4987.3,24.43,,
Range,,0,424.85,4.17,,
Mean,,1000,5085.35,26.7839,,
StdD,,0,74.27,1.0104,,
%StdD,,0,1.46,3.7725,,
%NonU,,0,4.18,7.7845,,
CTE,,N/A,N/A,N/A,,
,,,,,,
Date/Time:,3/12/2020 11:17,,,,,
Film name:,Poly on 1000A Oxide,,,,,
Stage group:,49 pts radial,,,,,
Lot ID:,kk_0312 Sel_pre,,,,,
Wafer ID:,# 21 - Poly,,,,,
Cassette recipe name:,SemiAuto -,,,,,
Wafer recipe name:,POLY ON 1K OXIDE 49PT 3mmEE,,,,,
Stage recipe name:,49 pt 12 in 4x Notch 3mm ex,,,,,
Title:,Point#,SiO2 (Å),Poly (Å),MSE,X(mm),Y(mm)
,1,1000,5052.21,27.46,0,0
,2,1000,5074.96,27.5,0,49
,3,1000,5051.67,27.87,34.648,34.648
,4,1000,5052.31,27.94,49,0
,5,1000,5056.58,28.31,34.648,-34.648
,6,1000,5046.75,27.63,0,-49
,7,1000,5040.59,27.39,-34.648,-34.648
,8,1000,5062.59,27.3,-49,0
,9,1000,5089.43,27.47,-34.648,34.648
,10,1000,5100.27,27.4,0,98
,11,1000,5057.51,27.24,37.503,90.54
,12,1000,5040.37,27.37,69.296,69.297
,13,1000,5046.37,27.75,90.54,37.503
,14,1000,5067.44,28.28,98,0
,15,1000,5090.12,28.73,90.54,-37.503
,16,1000,5100.96,29.1,69.297,-69.296
,17,1000,5091.37,28.83,37.503,-90.54
,18,1000,5064.58,28.5,0,-98
,19,1000,5034.95,27.83,-37.503,-90.54
,20,1000,5023.48,27.67,-69.296,-69.297
,21,1000,5034.02,26.79,-90.54,-37.503
,22,1000,5075.49,27.11,-98,0
,23,1000,5127.59,27.21,-90.54,37.503
,24,1000,5173.42,26.99,-69.297,69.296
,25,1000,5158.36,26.89,-37.503,90.54
,26,1000,5102.08,25.94,0,147
,27,1000,5053.01,26.6,38.046,141.991
,28,1000,5009.16,24.97,73.5,127.306
,29,1000,5000.35,24.85,103.945,103.945
,30,1000,5009.7,25.49,127.306,73.5
,31,1000,5034.76,26.18,141.991,38.047
,32,1000,5066.65,27.01,147,0
,33,1000,5103.36,27.64,141.991,-38.046
,34,1000,5128.55,27.56,127.306,-73.5
,35,1000,5139.89,27.78,103.945,-103.944
,36,1000,5137.05,27.89,73.5,-127.306
,37,1000,5112.92,27.52,38.047,-141.991
,38,1000,5077.91,27.21,0,-147
,39,1000,5033.76,26.48,-38.046,-141.991
,40,1000,4998.36,25.57,-73.5,-127.306
,41,1000,4975.78,24.94,-103.944,-103.945
,42,1000,4985.7,24.94,-127.305,-73.5
,43,1000,5023.05,25.67,-141.991,-38.047
,44,1000,5071.61,26.57,-147,-0.001
,45,1000,5151.77,26.04,-141.991,38.046
,46,1000,5187.57,26.23,-127.306,73.499
,47,1000,5327.4,27.77,-103.945,103.944
,48,1000,5369.19,27.7,-73.501,127.305
,49,1000,5165.41,26.45,-38.047,141.991
,,,,,,
Max,,1000,5369.19,29.1,,
Min,,1000,4975.78,24.85,,
Range,,0,393.41,4.25,,
Mean,,1000,5083.23,27.0931,,
StdD,,0,74.43,1.0422,,
%StdD,,0,1.46,3.8467,,
%NonU,,0,3.87,7.8433,,
CTE,,N/A,N/A,N/A,,
,,,,,,
Date/Time:,3/12/2020 11:15,,,,,
Film name:,SIN ON 1K FIX OX RC,,,,,
Stage group:,49 pts radial,,,,,
Lot ID:,kk_0312 Sel_pre,,,,,
Wafer ID:,# 19  - SiN,,,,,
Cassette recipe name:,SemiAuto -,,,,,
Wafer recipe name:,Nitride on 1kA Fix Ox 49pt 3mm,,,,,
Stage recipe name:,49 pt 12 in 4x Notch 3mm ex,,,,,
Title:,Point#,SiO2 (Å),Si3N4 (Å),MSE,X(mm),Y(mm)
,1,1000,2916.63,0.0041,0,0
,2,1000,2923.9,0.0045,0,49
,3,1000,2936.42,0.0042,34.648,34.648
,4,1000,2945.84,0.0044,49,0
,5,1000,2947.49,0.0047,34.648,-34.648
,6,1000,2944.81,0.0042,0,-49
,7,1000,2934.12,0.0062,-34.648,-34.648
,8,1000,2921.6,0.005,-49,0
,9,1000,2917.41,0.0042,-34.648,34.648
,10,1000,2968.8,0.0023,0,98
,11,1000,2982.09,0.0039,37.503,90.54
,12,1000,2997.78,0.0057,69.296,69.297
,13,1000,3008.83,0.0059,90.54,37.503
,14,1000,3014.41,0.0067,98,0
,15,1000,3009.78,0.009,90.54,-37.503
,16,1000,3005.25,0.0071,69.297,-69.296
,17,1000,3007.58,0.0055,37.503,-90.54
,18,1000,3008.71,0.0047,0,-98
,19,1000,3002.42,0.0052,-37.503,-90.54
,20,1000,2986.39,0.005,-69.296,-69.297
,21,1000,2970.93,0.0045,-90.54,-37.503
,22,1000,2959.49,0.0013,-98,0
,23,1000,2953.19,0.0005,-90.54,37.503
,24,1000,2953.54,0.0006,-69.297,69.296
,25,1000,2959.31,0.0005,-37.503,90.54
,26,1000,3020.68,0.0016,0,147
,27,1000,3031.85,0.0035,38.046,141.991
,28,1000,3046.53,0.005,73.5,127.306
,29,1000,3065.2,0.0055,103.945,103.945
,30,1000,3077.36,0.0055,127.306,73.5
,31,1000,3086.46,0.0057,141.991,38.047
,32,1000,3102.34,0.0064,147,0
,33,1000,3115.7,0.0066,141.991,-38.046
,34,1000,3066.16,0.0053,127.306,-73.5
,35,1000,3075.17,0.0057,103.945,-103.944
,36,1000,3142.03,0.0078,73.5,-127.306
,37,1000,3048.85,0.0065,38.047,-141.991
,38,1000,3122.11,0.0079,0,-147
,39,1000,3109.45,0.0089,-38.046,-141.991
,40,1000,3071.22,0.0063,-73.5,-127.306
,41,1000,3048.75,0.0053,-103.944,-103.945
,42,1000,3039.8,0.0056,-127.305,-73.5
,43,1000,3025.1,0.0022,-141.991,-38.047
,44,1000,3017.1,0.0007,-147,-0.001
,45,1000,3005.47,0.0003,-141.991,38.046
,46,1000,3001.19,0.0003,-127.306,73.499
,47,1000,3002.61,0.0003,-103.945,103.944
,48,1000,3008.52,0.0005,-73.501,127.305
,49,1000,3009.74,0.0006,-38.047,141.991
,,,,,,
Max,,1000,3142.03,0.009,,
Min,,1000,2916.63,0.0003,,
Range,,0,225.4,0.0087,,
Mean,,1000,3010.53,0.0044,,
StdD,,0,58.23,0.0024,,
%StdD,,0,1.93,55.2596,,
%NonU,,0,3.74,99.6236,,
CTE,,N/A,N/A,N/A,,
,,,,,,
,,,,,,
,Statistics,SiO2 (Å),,,,
,Max,2579.18,,,,
,Min,1000,,,,
,Range,1579.18,,,,
,Mean,1359.0848,,,,
,StdD,559.9599,,,,
,%StdD,41.2012,,,,
,%NonU,58.0972,,,,
,CTE,N/A,,,,
